task_code,phraseid_1,phrase_1,phraseid_2,phrase_2,phraseid_3,phrase_3,phraseid_4,phrase_4,phraseid_5,phrase_5,phraseid_6,phrase_6,phraseid_7,phrase_7,phraseid_8,phrase_8,phraseid_9,phrase_9,phraseid_10,phrase_10,phraseid_11,phrase_11,phraseid_12,phrase_12,phraseid_13,phrase_13,phraseid_14,phrase_14,phraseid_15,phrase_15,phraseid_16,phrase_16,phraseid_17,phrase_17,phraseid_18,phrase_18,phraseid_19,phrase_19,phraseid_20,phrase_20
spam,2522,billed Netcollex Ltd.,2793,. 2,2580,", mom",1521,you'ld to,807,am wednesday,935,HUNNY 4BREKKIE JEN,52,morning Happy,906,afternoon sup,1325,NOKIA No 89545,1282,rencontre to,1612,K if,392,u Wot,1913,. Delivery 28,712,in WALES,2308,""" morning",1514,reply,1306,on,2085,Staff placement,99,pass,1019,.. finishd
spam,1144,61610 .,1309,", life",1659,1 friend,2706,hamster of,1799,Babe,2360,. 09061209465 !,752,four need,74,to 85555 !,988,09065394973 Landline,1850,song bro,2518,cine Dun,2679,09061209465 ! C,2557,Pound 2,1678,with 1/2price,1608,. 150p day,1340,U DONÂ’T,40,. Call 08717507382,59,Ta,493,Don da:)whats,628,Haiz
spam,1326,CASH From,2359,Txt .,1739,Tis IAS question,1889,! day,381,Morning,1408,Motorola with 1/2price,1958,.. madurai,18,3 ! Text,2473,ENG Box39822 W111WX,1267,Wot ?,82,Wewa . Iriver,1443,! Account,1824,. Coffee,2042,order reference X49,1047,home aa,245,Latest Motorola,1851,300 to,1169,2 3,2803,. 2 meals,404,- Xmas
spam,1916,New 2004,2086,""" HI BABE",2462,on 02/06/03,2755,! Happy,608,Ni8;- ),851,. To,2693,STORE 88039 SkilGme,2888,YES-910 NO-910 See,856,"Dear ,",2087,New Mobiles,2695,AMY URE BEAUTIFUL,2604,$,1509,ex,1252,come mc,1663,3 FREE,216,! From 100,295,THANKS FOR,2236,4 long,399,! ¦,1759,86888 claim
spam,665,brains to,1067,IM TELLMISS,2354,overa since,977,wit kz,1966,- 2,1031,UR City Break,2168,Sat ?,1254,. pics,964,tkts 21st 2005,510,million,247,Xmas .,1501,money HAUGHAIGHGTUJHYGUJ,1233,Bam for,1767,mean bâ€˜ham,159,? xxx,2214,", coach",1523,... Dun,1417,Fancy,1846,GRAN AFEW,1852,07123456789 Yahoo !
spam,1610,prize claim,1390,logo ur,2585,are SiPix,26,? Jay,326,Ma,1556,home of,989,! 1 year,1043,few 2,1389,e 4,1655,. rcvd,1096,Mobiles from,520,be Guild,2795,by tones2you.co.uk,1490,Call 08000839402,152,Reply info,1643,Detroit home,626,Rajitha,1349,Join OptOut STOP,1191,U R Near,1344,. PSXTRA LRG
spam,1292,TxtNO ads,1041,Text to 85555,2194,lor time,2129,* Costa Del,370,FreeMsg : flirt,475,of two,778,Tyler ( 8th,2355,Call Identifier,833,thanks to,2655,science Y,61,logo lover,1320,Mins DOUBLE on,1870,thinkin malaria,2249,. 3 DONT,1085,on Landline,1779,09061221066 .,1859,lt;#&gt min,155,. 09094646899 !,926,! Thanks,138,camera phones
spam,1920,chat flirt,1936,net mins&100txt,2438,Man - week,1680,u 2,2624,monday !,1953,Zogtorius . IÂ’ve,1044,el,1492,happens Vegas,1041,Text to 85555,438,! 2stoptxt,2233,Mind without,1859,lt;#&gt min,1944,"from 2004 ,",2018,won,1195,3MOBILE IF,2621,sister cookies,1509,ex,1712,As Vodafone,302,", lemme",162,to 61610
spam,1772,Crazy ar,1489,bâ€˜ham,2655,science Y,1497,5.30 was,614,Happy,1057,files in,2192,! to 86688,598,Near,514,Camcorder reply 08000930705,1834,Every King,2225,"Urgh ,",423,girl in,2889,TAROT TEXTS,1520,Tuesday night,606,3510i DeliveredTomorrow ?,1763,eyes philosophy,2,Txt LOVE NAME1,543,13/4/04 08717507382,2850,news after,1828,necklace token
spam,334,. Call 08715203652,2755,! Happy,2280,TsandCs Reply HL,31,2 ! CallFREEFONE,160,W1J call,2701,admirer who,2024,UAWAKE?FEELLIKW VIA,100,four,2537,4 Call,1117,2 :-(,342,Day with,746,Haha,388,finish call,1084,pound :),1187,Crab,2777,Â£750 prize,1833,K.,817,_ of,2709,; mins,2711,: 8714714
spam,450,EVE 07123456789 Yahoo,2491,sittin waitin,2042,order reference X49,2815,Sat,1266,lt;#&gt mins,1554,S. I. M.,1377,TnC www Ldew.com1win150ppmx3age16subscription,336,Reply YES-910 NO-910,2691,44 7732584351,2923,movies laptop,189,2 crowd,1615,2 with,1134,Nickey Platt of,122,chances CASH,1424,", IÂ’L CALL",1058,. T&C,903,"POBox334 ,",2789,Â£750 . 2,508,"May ,",1091,last two
spam,800,two !,1583,on 08000839402 !,262,sense foot,2302,. Call 09050090044,1199,files system,400,4 ! MobileUpd8,542,Xmas prize,537,call 09061221066,2527,GIV SHIT BAILIFF,56,the Zogtorius,158,ON,2119,. 09094646899,175,J .,2464,mc ?,722,"44 ,",1212,CSH11 to,2764,receiptsâ€”well,2277,Imprtant r,1838,EY ! DOWNON,1757,! Starts
spam,1369,raglan rd,2538,SATTHEN !,2292,. Text,1408,Motorola with 1/2price,1353,u. 4,1580,want New,693,; Rs,2389,crab Crab,459,wrong one,1370,touch weekend,1413,deal:- care,1946,cause to,1083,. Text FA,2787,? Aiyah 2,1970,800 -,1326,CASH From,191,Cheer No Tear,611,slices pizza,655,your yo,811,ENG STOP
spam,2697,Your Account,273,cricket ground Gimme,382,GRAN,2482,4BREKKIE !,535,"4thNOV.BEHIND FUCKINNICE!SELFISH ,",2696,CASH To,77,night so,2004,. Identifier,489,... 630 oredi,1871,weed week,1191,U R Near,1639,bed girl,2283,Whatsup .,502,what Vegas,2839,Call from,2030,iâ€˜ll,849,Great Building Was,1343,Driver . Aaniye,540,IF INCLU,1043,few 2
spam,1399,TxtNO 4 ads,631,thanks for,1825,SiPix Digital call,1050,R*reveal who,1860,Thanx 4 everything,787,THATMUM 4thNOV.BEHIND Â–,789,Dear . Gud,885,Dat day Ã¼,1668,apply Reply HL,1596,CALL to,1947,dinner tonight,560,62468,2052,. Â£250 3,825,NEFT,181,to 07786200117,2690,T .,281,Txt . Call,1189,Howz persons story,208,SHIT .,699,thing Earth
spam,2569,Merry Christmas,1522,09050090044 . SAE,1917,canada abi,2331,BABE IM,2088,? To,2419,SATTHEN HUNNY LOVE,2045,4 FREE,622,Nickey,2336,! Somebody,2462,on 02/06/03,2019,"100 20,000",2568,T Cs Â£3.00,2324,"K , text",1725,83021 . Reply,902,planning everyone,2176,easy 087187272008,298,86888,2573,Polo Ltd Suite 373,2556,cricket Gimme,1374,words
spam,2473,ENG Box39822 W111WX,1762,two,1645,K.k.how business,1782,Moby Pub,2406,", 16 TsandCs",1108,1000 on,1768,NOKIA,313,FLAG 84199,829,Chachi,2040,? Cos,2395,question,2851,Account,6,mc,895,. Reply YES-910 NO-910,1248,OptOut STOP Help08714742804,1837,Zogtorius,1464,. Morning,2107,Thanks ringtone,1809,DEVIOUSBITCH.ANYWAY CALL U,2942,FREE bx420-ip4
spam,369,ME UR NETHING,2922,TAROT TEXTS Find,986,+,154,within 28,1929,called in,2918,! TxtNO 4,2184,Babe !,770,Starts monday !,2142,points Call Identifier,1279,C Suprman Matrix3,1981,M. points 08715203652,1841,* Costa,2187,chance claim,1737,u Pl,2480,: Rajitha,1351,prize GUARANTEED 09058094454,2575,Identifier Code Expires 29/10/0,2915,B'tooth*. Call Mobileupd8 08001950382,2034,time u 2,1469,... Woodland
spam,1427,130 . 255,924,... care,1872,Umma,143,. Ldew.com1win150ppmx3age16subscription,2305,- advice,1118,! Hope,1665,e msg,2222,tat vid,2310,rooms cheap:- ),2531,slots weekends,2841,"SAE TC ,",2796,Gud night,2291,. 3030 .,2439,whether 2,496,2 send,2953,one ends,801,09061221066 fromm,2639,. Two,1511,. to 87121,362,L8ER GOT .
spam,1410,from,263,. trueÂ¡C C,1578,... U,780,wid,1310,MobileUpd8 08000839402,24,Vegas,1675,Motorola 12mths 1/2price,2745,86688,2426,weâ€˜re bâ€˜ham,237,tmr meet 930,2870,bed princess,519,FreeMsg : Fancy,491,Statement 800,1695,the Guild,1814,call 08000930705,1658,. side,1589,minute BT -,295,THANKS FOR,1316,need to,1765,Costa
spam,1650,text stop 61610,2504,Dude,1516,friend Companion,1792,Ã¼ da,814,of Man,2919,cheap:-,802,about,2865,Txt Orange Call,2925,min Polo Ltd,1054,reference X49,552,Loved Gud,1104,a City,1420,rooms cheap:-,2238,.. Gud,859,"to 20,000",2560,. gd,949,Ãœ da,1971,Call 08001950382,1167,Motorola SonyEricsson Nokia,935,HUNNY 4BREKKIE JEN
spam,1679,Dear Helen Dozens,702,2 2morrow,1824,. Coffee,209,Netcollex Ltd. PO 1013,2675,I. points Call,476,TCs POBox334,1124,Men like,1974,will hundred.he,1499,for three,333,rooms activities,255,call 09066362231,1450,DeliveredTomorrow With 300,1933,XCHAT .,289,", lt;#&gt",2118,Ltd. 1013,772,.. nyt,966,... to,1861,Tyler (,930,Celebrations swing,407,HAVE WON
spam,1216,for 50,1660,exam march,1099,2 OptOut,1323,2optout 087187262701.50gbp,2417,bit run,180,points Call,133,Account for,53,story Man -,1215,call 09065394973,536,Kit -,1331,darlings Hope,630,text to,1268,reply call,529,v wet,1620,Baby Great Building,2511,because,1791,4 Chef,1720,09061743386,2920,bit of,2017,"TCs POBox334 ,"
spam,1482,driving test,1402,"DAYS AGO.CUSOON """,195,DOWNON THEACUSATIONS U,1716,u jus,833,thanks to,443,maga money,2940,4 bx420-ip4,2640,FA Cup tkts,2453,role like,57,008704050406,408,One small,1168,SEE U TOMORROW,601,"2004 ,",2241,? XX,1881,""" CHA",2409,R*reveal UR,1038,RT -,752,four need,1144,61610 .,1186,Neva test quality
spam,170,FOR Text,220,call 08701237397,1271,Hurry Soup,93,colour DeliveredTomorrow ?,748,smile to,2727,John .,860,Haha ...,1518,hours to,2587,T 08717898035 Â£3.00,1233,Bam for,1208,Gimme,680,story of,1352,Aiyah tok u,1426,. what,840,.. Gud Ni8;-,2007,K.k:)apo k.good movie,1156,"K ,",2757,85023 - member,1291,3230 's,2732,man that
spam,591,... Fuck Merry Christmas,2831,1/2price 500,1619,S:)no competition,2715,; cheese,2340,time of,315,Rajitha (,1403,Txt to 86688,805,LOVE NAME1,2385,DOUBLE,115,Detroit .,2403,WOTU AT,433,a Vodafone,2641,Call 08717507382,2816,time ur,583,. Call 09058094454,1501,money HAUGHAIGHGTUJHYGUJ,1587,at four,544,tap spile seven,969,touch to,1524,sittin for
spam,1926,Text If,1913,. Delivery 28,1329,16 Club credits,925,touch over,1278,thought as,2753,09061221066,675,after 9,1654,Gud,1692,ur 2,736,bout,773,LOVE MUM,894,... Dat,670,AGES ME IF,1527,4 * Costa,1411,. friendship,740,u hmmross,2197,Â£750 .,2100,! year,2249,. 3 DONT,1400,alex about
spam,2104,comp FA,1378,you:- while,2209,4.50 Should,1472,- DOUBLE Mins DOUBLE,1478,'m Google,2821,Xmas 2,1848,Waaaat ?,2671,Double 1000,46,credits www.ringtoneking.co.uk !,234,For,349,. 2morrow,1257,job Starts,568,"Offer Motorola ,",2652,reference X49 .,1284,phone parents,862,calling of,275,thing Earth ...,2706,hamster of,2117,u maga,303,numbers on
spam,2798,SMS.ac u hmmross,2574,5 per,586,. Gimme,2080,09066362231 URGENT,1247,things at,2046,account,569,lot of,792,. Reply,1864,"Haha ,",1726,to London,1159,ones Gud,1739,Tis IAS question,379,until 4,66,84199,1804,2 Mark,1336,LONG SHOWR,2921,8714714 awarded,1255,part oredi,1681,tomorrow yesterday,493,Don da:)whats
spam,1723,a Txt,605,1000,2912,bx420-ip4 - 5we,1136,- 09058094597,2320,Hmm,2840,Â£750 Pound,2600,. Musta,173,call 08712460324(nat ),1297,2 our,1227,rooms befor,311,087187272008 ! 10p,2498,. home,45,; inches,2175,. www.4-tc.biz,148,Den,1160,RT KIng Pro,582,gettin gossip,858,concentration dear,533,sister to,306,Earth ...
spam,1179,call 09061209465 C,1730,Crab :,1292,TxtNO ads,2544,31 December .,2613,month approaches,2428,Happy !,891,Promotion Number,2114,. TC,1002,one Make,1260,"TheDailyDraw Dear ,",238,! What,1053,Happy New Year,1064,INDIA SED,375,08712466669 at,1616,DAYS AGO.CUSOON HONI,1360,Digital ! 09061221066,2813,coins to,946,- DOUBLE,1105,"! 3 ,",62,Pest exterminator lt;#&gt
spam,1281,16 Remove,1412,LOVE JEN .,883,. on 08000839402,929,service VU,2776,61610,1718,eatin cinema,2513,Map .. Imprtant,1624,"Night , Wish",2459,85555 16,2028,for 2,52,morning Happy,2790,4BREKKIE,2637,SHOWR,2237,. P.,1221,Although,602,part of,1556,home of,2571,4 ?,2299,May 2005,2349,nothing to
spam,566,. Delivery,1063,Your 4,759,regards to,905,rcvd to,2508,Urgh coach,307,company name,2928,wot to,221,Brandy,1320,Mins DOUBLE on,1150,yo ass,398,the Â£750,1938,4BREKKIE JEN,1451,THEACUSATIONS U,507,LOVE 07123456789,2442,one 's,2109,toughest Earth,1956,2 Â£100,2239,spree WK .,671,till,1989,SiPix !
spam,950,May .,1808,S. points,2743,CLEAN WITH,2230,? tomorrow,640,Reply 4,129,a Man,47,dating Msgs,126,into,1460,work place,1090,water season,590,King,1707,Identifier 42810,1743,. sch,2694,on 09058094597,2158,UR City,2373,bus stop,1536,", text",387,NOKIA to,834,cine lor Dun,1627,off
spam,934,WK .,204,Hmm to,2290,AFEW DAYS,1129,magazine telephone,1607,! Motorola SonyEricsson,2422,Dude .,1040,BILL,819,Xmas prize claim,267,on Tuesday,61,logo lover,2396,SHIT,214,father John .,2526,Iâ€˜m to,1200,Camera 09061221066,2356,BAHAMAS CallFREEFONE 08081560665,658,Free 2,2138,offers T,2263,GRAN AFEW DAYS,1225,WANNA ? XX,1758,to 87121
spam,2344,from 2004,2496,Dude while,1869,", things",2062,no HAUGHAIGHGTUJHYGUJ,2811,-- you've,1162,2005 . Text,2447,IM,2492,site to,2189,BEAUTIFUL INTELLIGENT,2444,DOUBLE on,2890,member T,1295,. within 28,494,INCLU MINS,2347,GOD,2485,! 3,651,bx420-ip4 5we,756,John . John,142,Free Games,2601,blimey exercise,701,Ãœ until
spam,2852,YES-910 .,466,dhina vaazhthukkal,1719,Gumby,1610,prize claim,2388,matter mind,1465,e mode,656,: 86888,1346,side,1101,friend until,1106,TELLMISS IM,2626,beneficiary account,448,! Wot,2314,Your Costa,1922,one ...,837,i.ll,2321,files computers,2252,your Valentine,2366,Nokia 3510i DeliveredTomorrow,156,texts Free Camcorder,1380,rest week
spam,1621,Neva,2739,'s Ãœ,2817,Call at,215,game to,1794,movies in,1632,Moby Pub Quiz,1147,2 Mark .,873,awarded SiPix,0,Love law,94,2,1572,u. Thanx,1670,hairdressers appointment four,18,3 ! Text,915,rubber place,607,demand it.i,550,new Duchess,190,Damn zac,2518,cine Dun,2520,yr To,1638,: UR
spam,844,Ambrith .. madurai,1998,6hrs,988,09065394973 Landline,19,exam with,2622,that,1783,Ya tel,485,credits www.ringtoneking.co.uk,1401,man of,2646,sister law,2939,sch Yar,2708,BABE PROBPOP,1773,ur,447,feeling If,1462,. Msgs,2702,persons story,2243,prize to,1437,kiss from,994,housing agency,2412,... Y,2050,KIng Club
spam,1923,HEART BLOOD.Send,149,09065394973,2360,. 09061209465 !,1080,. Goto,462,Voila Money,1056,T&C at,809,", doesn\'t",1748,DeliveredTomorrow ?,2615,paypal Voila,268,out,531,Cornwall ? Txt,916,type stuff,553,09066362231 !,171,g about,812,billed Netcollex,2780,Ã¼ fr,1717,bed to,2077,at Holby,1077,UR 2,1,", problem"
spam,2597,2 !,2772,question to,197,u Wot ?,1805,call if,1354,can Bam,2858,. PSXTRA,1986,FreeMsg,2009,Holby,1073,08081560665 speak,1060,fav Hope,739,B'day Boss,294,! 09066362231 !,2224,0800 0721072,2740,* pub,2400,day Ã¼,2463,MobileUpd8 on 08000839402,277,. Cost,2000,ten in,778,Tyler ( 8th,2469,Pound 2 claim
spam,2285,Aiyah,1422,friend Reply,2688,URGENT ! number,2185,TAROT !,1434,to Wot,1552,do Ta,2494,HI BABE SHIT.JUSTFOUND,2130,Vodafone customer computer,1245,luv Night,1870,thinkin malaria,1282,rencontre to,358,! Wanna,771,B LOVE MUM,2565,plans What,585,P diddy,2627,. 13/4/04 Call,1026,Txt 88039,1315,since,1035,flag on,2105,ten
spam,922,on 02/06/03 !,1542,smeone to,806,bonus,1417,Fancy,2916,0870 INCLU,381,Morning,2059,is John,2472,Moment,2172,upto 1/2price,2602,. 2 .,1244,trueÂ¡C,768,. membership,2282,? Txt,1116,alex pizza,1125,Cos at,1493,been XCHAT,2180,", iâ€˜ll",1535,with,2729,! number,893,Yesterday with
spam,1920,chat flirt,2151,message,1711,""" EY CALM",565,Update_Now - Offer,1972,park village,360,crab on,945,for 2 .,554,Touch .,855,HMM,2232,tuesday On,2111,U AGES ..,1028,. 2optout,515,!,1959,GUD .,97,Moby Pub Win,1539,girls office,2329,? thanks,2079,2go.did,875,thinks UR,316,84199 ! Opt
spam,1174,"Â£2,000 Xmas",1488,. BT,1439,slices of,662,phone with,1000,2morrow Take,1098,Luv to,2359,Txt .,2374,home to,1114,to 80488 .,501,friendship on,272,a Darren,2246,Games - prizesWith,2896,fr,1672,Polo Ltd Suite,2535,2 joined,1570,to 88039,2162,150p .,1696,line Call,2145,ASKED 3MOBILE CHATLINES,1897,u wan
spam,810,Txt NOKIA No,481,Win High Street,1166,. Lets,2431,prize GUARANTEED .,1027,Dude sux snake,469,da,2006,... chiong,967,Call MobileUpd8,984,RT,2519,Moby,329,2 stop,1094,"Shampain "" dhina",257,call 08000930705 .,682,07123456789 Yahoo,870,", parents",1231,afternoon love,2471,87066 TnC www,2818,! text,2140,edward Behind,2424,Aiyah tok 2
spam,2728,class tomorrow,179,- net,1157,Brandy Rum,2902,Txt 88039 .,7,tkts 21st May,130,towards,280,NOKIA with,2139,2 BAHAMAS,1629,call 09066362231 !,1659,1 friend,1574,"Suprman Matrix3 ,",2766,High if,174,Haf u,1560,Wanna who,1250,bus way,2254,"IÂ’L """,526,PSXTRA PORTIONS 4,541,sch daddy,232,07123456789 87077,2644,. Iriver
spam,681,MUST Txt,1491,. PORTIONS 4,1830,BAHAMAS ! CallFREEFONE,2714,I. .,2887,Whatsup,1514,reply,138,camera phones,1333,3MOBILE,2689,IN CU,1593,free 2,2288,birthday feb,59,Ta,188,had Nickey Platt,2545,Call 09058094454,1448,contact U,2699,ni8,703,Â– FUCKINNICE!SELFISH,404,- Xmas,43,cheese pizza 2,648,Heart without
spam,1694,CU 4BREKKIE,2845,. GOD,2659,one ... abt,1943,water dock,1649,87575 . Cost,2183,2004,1903,3hrs www.gamb.tv,1121,. OptOut STOP,1571,from Netcollex,2770,3510i DeliveredTomorrow,955,service Msgs,2032,seven,2649,STORE . SkilGme,1087,December .,1928,... Weiyi,777,e msg 2,1894,finish meeting,2443,end march el,27,4 . Chef,1419,HI BABE HOME
spam,1184,awarded City Break,1293,to TnC,401,2 chat,1709,call 09061209465,121,sister in,1209,Two are,397,miles from,1312,CASH .,172,PROBPOP CU,674,on 0800,1994,? Dat,672,2 - 2,1475,Txt : NOKIA,1317,call like,2303,number,1061,18 150p,2207,T,9,? Randy,2178,cheap:- ),243,FLAG 84199 !
spam,2214,", coach",1750,Moby .,1829,TxtNO ads 150p,808,Ãœ gd,963,4thNOV.BEHIND OURBACKS,319,100,2828,. Omg,28,Cheers message Zogtorius,796,SiPix Digital Camera 09061221066,2029,map reading,83,Vodafone customer,370,FreeMsg : flirt,729,Dude . What,2665,""" GUD MRNG",1013,", HEART",2131,phone With,1416,contact with,414,two ! Dad,2794,Got Dat,65,neighbor for
spam,879,call after,2778,. 09061209465,98,NOKIA Motorola with,1256,LATE LOVE,689,"Rose , season",1937,on Earth,2742,Touch night,1325,NOKIA No 89545,1322,2 . OptOut,55,to 85023,248,Mark 2,300,'s Holby,11,Kids .,48,. 3,1356,. Â£3.00,1442,13/4/04 .,551,M. Call,2257,problems,512,. 16,475,of two
spam,36,- u,1993,SAE TCs POBox334,1259,? to,899,stop to,2381,reward 3,1153,spree WK Txt,2619,2 r,2791,84199 Opt -,2795,by tones2you.co.uk,1457,! 4,1288,... lot,183,ENG STOP Box39822,1068,Den on,913,money issue,1008,shade to,1226,crab Crab :,2681,4 real,461,ones Gud ),1597,U Near,108,2 easy
spam,1149,'s Thanx,824,the Crab,1111,to 87077,269,u. Netcollex,1470,087187272008 !,960,text TONE FLAG,1438,WON Xmas,2383,U've to,2083,May 2005 .,2880,in 4,2805,. 4 Chef,2746,on March,1941,.. Imprtant U,1563,", blimey",1713,John _ _,2393,california weather,1429,MMM ...,1875,Matrix3,2849,fact,1992,. 150p
spam,765,. weâ€˜re,2071,files between,2070,what to,2799,time r,225,Thk,2961,GUARANTEED 09058094454,460,? 300,539,Account Statement for,2589,taxi C,721,da .,40,. Call 08717507382,1600,John John,2759,love Mind,2672,Taka lor,2101,heart Txt LOVE,266,RING ME UR,755,WON,847,Call,81,2 BAHAMAS CallFREEFONE,2231,bus If
spam,2375,in,877,", love",139,credits,1251,buses on,2190,TnC .,1435,AFEW AGO.CUSOON HONI,645,! T&Cs,2493,california .,2027,messages,2401,tiz Kanagu,654,credit,1614,at,609,sux snake,1699,DOUBLE Mins,198,WON !,2676,- hols,2578,Netcollex Ltd per,1655,. rcvd,2266,630 ...,2420,AMY
spam,1471,With,1327,2 is,574,T&C,2643,B LOVE,2788,. priority,256,for,212,T Cs,351,credits at,2588,2 . 3,1733,High prize,2869,to 83021 .,2517,Amrita,1012,( 8th,2687,CHATLINES INCLU,1623,? WALES,761,age to,937,call 2optout D3WV,1952,WANNA ?,2584,Ambrith ..,659,flirt Reply
spam,1538,.. Ni8;- ),957,Holby ?,2219,entry Â£100,324,two 'll,2943,ar,1760,sim Haiz ...,1704,wedding in,1504,OURBACKS FUCKINNICE!SELFISH,1852,07123456789 Yahoo !,1777,. X,233,Provided tones2you.co.uk,117,night if,2561,150p Netcollex,2680,Call Identifier :,137,. What,2822,K call,2500,150p . Netcollex,576,Xmas 2 claim,1893,sch at,1092,truth of
spam,2260,well babe,2529,", reference",2542,girls at,577,Â£100,1985,training Amrita .,2660,: 89545,2458,", sup",1546,one .,322,friend Reply YES-910,318,. to 88039,696,Soup,2758,", zac",2377,deficient three,2774,noun u,2456,) to,1889,! day,2186,for Jay,110,) Dear,1603,FA tkts 21st,1155,phone ur
spam,1017,money than,2317,wrks wot,1093,: to,1252,come mc,5,air What,2570,Tuesday,530,: 8714714 -,1313,3030 Valid,2522,billed Netcollex Ltd.,521,? What,1628,Cheer Tear U,2016,Two,1203,gud ni8,1526,121,715,obese Oyea,1753,Account Statement shows,1915,) Dear Helen Dozens,2245,for Usmle,2085,Staff placement,2886,. Netcollex Ltd. PO
spam,2157,. time,2452,Update_Now Xmas Offer,1066,Taka . time,918,win FA Cup,1803,can cheap:-,1311,. 255 .,1688,. 08715203652,1698,Last 2,2460,one as,1640,. Money,79,Happy B'day,2096,Reply 4 info,1308,Yahoo ! TxtNO,2413,ten ....,2319,T . Â£3.00,109,XCHAT,1844,UR - call,2049,. wahala,781,K text,1769,. Ã¼
spam,711,. at 10p,2599,cruise CASH,1289,what charles,1453,Howz,50,Â£200 spree,2171,last Dad,245,Latest Motorola,44,waitin to,657,""" GRAN AFEW",309,Tuesday .,344,... man,2950,Call Identifier Code,1979,Netcollex 08700621170150p msg,649,B'tooth*. Call,236,mail panren,2632,GOING BAHAMAS,383,800 redeemed,2242,IQ Tis IAS,2247,. Â£3.00 16,2808,Thanx
spam,2098,. 09061743386,676,year pass,297,FOR,2834,contact attempt,2286,Voila !,1299,2morrow ! care,2752,", DEVIOUSBITCH.ANYWAY IÂ’L",709,week end,1395,8714714 - UR,410,Tuesday . 2,1691,time Ã¼,882,.. 2morrow maga,907,. SkilGme,2327,3030 .,1473,DeliveredTomorrow With,1896,T&C 18,434,bottle of,2115,on 09065394973,1684,reward hours,516,problem at
spam,1368,thanks lot,376,! DOWNON,1754,NEFT reference,2792,2003,2648,* Costa Del Sol,1202,operator to,1185,. 13/4/04,2174,kiss kiss,465,model sony,2636,chiong sat,2934,to 84199 !,2229,Waaaat,2700,call on,734,Ya one,944,. Identifier Code,1095,. wan,1301,. Teresa,2783,. 3 Lover,1907,weâ€˜re bâ€˜ham .,743,373 6HL
spam,917,mobile T,1222,FA,2947,: -):-,399,! ¦,933,alive Gud,1901,NEFT with,1534,March on,145,pleasure of,1774,GUARANTEED .,488,- KIng,1463,Starts monday,603,tkts May .,889,Call 09094646899,2203,Polo 373 London,483,. Txt,897,SiPix Digital Camera,1164,Miles,1109,kiss to,219,", loverboy",131,you've money
spam,325,... Fuck Merry,1372,? With 300,2854,colour phone,2122,package dec,207,u in,106,. ans,593,Reply YES-910,1653,night r,973,sitter kaitlyn,2669,Cheers message,509,2 his,1355,sister from,1851,300 to,1553,lt;#&gt inches,1836,FUCKIN SHOWR,2488,08081560665 to,1817,83021 .,1575,... Hee,405,! Text CHANCE,2368,ALETTER 4thNOV.BEHIND
spam,1821,ASKED,1128,na,2255,ADAM to,2825,Â£100 High,1880,. T&C 18,1918,. Gud ni8,534,New,2540,TsandCs,1832,. plans,2179,either Bahamas,1192,text messages,1022,WK . Txt,2877,BABE IM AT,270,bottle wine,2903,Subscribe6GBP mnth 3hrs,1612,K if,1731,games from,2611,WIN,497,Taka,467,? hope
spam,1796,"after 9 ,",2437,09065989182 From,107,84199 Opt,1576,U .,717,", bears",2075,NIGHT THANKS,991,CALL,2108,! Dad,2211,- to,159,? xxx,1702,get MATCHED,2177,. U,2235,. move,2407,c lor,2591,4.50 .,2487,Claim,386,. Thanks,1550,Ya,1052,love life,791,Wewa 130 Iriver
spam,2656,Text to,561,site songs,1455,* kiss,685,By,1394,""" GRAN",1921,3 FOR,1196,Aiyah 2,615,Merry,931,while,2382,call for,2086,""" HI BABE",412,awarded City,2144,@ home,1498,! monday,1459,. call 09061743386,440,sux for,284,Men ladies,1948,10p minute BT,1661,ex ...,1237,Haiz ...
spam,2044,Offer Motorola,1496,. pieces,1813,Gud ),2039,Wine dhina,470,16 TsandCs,888,Wat,919,44,865,DOUBLE Mins DOUBLE,2724,6hrs .,2478,Wewa,2113,bonus on,321,2 put,983,lyricalladie(21/F,1906,want New Nokia,2163,To,713,apply Reply,368,Call on,352,One,1275,8714714,71,Be Touch
spam,338,to 87077 !,1253,test results,1366,AMY URE,1557,day crab,2371,130 255,2338,call,2768,GUARANTEED . Call,2465,Text CHANCE to,2725,the Xmas,2775,CD gift,75,redeemable www.ringtoneking.co.uk,1456,300 free,863,TnC . Ldew.com1win150ppmx3age16subscription,51,? Fifty ?,1634,BABE IN,2650,Landline DATEBox1282EssexCM61XN 150p,503,tok u,2258,2waxsto do,2884,. Call,2554,? tok 2
spam,520,be Guild,312,pints carlin,2948,entry 2,1418,"Free , Msgs",2392,huai juan,1383,08718726978 !,282,Call 08717507382 !,64,UP4 NETHING J,2610,Txt,2583,"PA ,",1358,. mind,1330,Thanx 4,2193,? Darren,301,Google,2300,09066362231 Your,2276,Costa Del,441,BAHAMAS !,1839,? somebody,2820,- on 09058094597,226,Landline DATEBox1282EssexCM61XN
spam,2528,ONLYFOUND AFEW,1340,U DONÂ’T,1854,. night,38,our ex,2524,to one,2861,_ _,1899,good from,1530,! Chat UK,1230,"TC , POBox334",1019,.. finishd,2609,ads,406,shade stuff,628,Haiz,572,contact u.,228,yours 09061209465,1882,", PROBPOP CU",1756,bâ€˜ham .,932,darlin on,1795,question(std rate)T&C apply,1258,CU 4BREKKIE !
spam,1484,what thinkin,495,FREE MobileUpd8,623,free,2436,one next,146,to 85555,2631,2 weekly,2106,collection Call,39,London,2559,airport evening,2181,results,2767,spree WK,506,IAS to,1751,BABE HOME,365,Offer DOUBLE Mins,505,", Night",1606,bridgwater banter,766,3hrs 16,2099,Call 09058094454 land,415,lie ni8,2901,Woodland
spam,1519,GUARANTEED Call 09058094454,2068,time reply,1706,call friend,641,FreeMsg Fancy flirt,2054,Matrix3 StarWars3,1879,Chat UK,1241,as,2441,! 2003,2859,Book lesson,449,of,1082,to 84199,997,TONE to,2802,ads 150p,2812,84199 !,1582,", B'day",2337,trueÂ¡C RingtoneÂ ¡,2509,Call 09050090044 .,2423,Voila,119,times:)lil call,625,EY ! CALM
spam,2215,Google cliffs,887,Orange Call,1940,TheDailyDraw Dear,2076,once,2322,E rest,2607,: Fancy,1891,everybody around,2256,", U Wil Reach",16,; number,2617,. sister,686,styles,1254,. pics,218,", NOW1",364,' to,2549,100 free,132,800 - S.,1564,MMM ... Fuck,776,mobile 100,2633,address sir,1735,Ashley that
spam,1886,BILL 3,567,. at 18,2785,; times,618,Hope,1173,home snow,2196,"GOD ,",127,) egg,1367,09065394973 from,371,Friends that,1246,Baby Great,1997,bus on,1085,on Landline,842,In,2507,Huh ... Dat,965,person who,2082,2waxsto,2909,calling,827,yo ?,1398,4,2501,POBox36504W45WQ TxtNO
spam,1306,on,1558,08715203652 Identifier :,1305,hills shit,2001,fifteen,2386,aid Usmle,442,r TODAY,579,within,288,Sat ? thanks,2315,SERVs . L8ER,906,afternoon sup,1341,"! to 20,000",750,08717898035 Â£3.00 .,1855,. 08712466669,1521,you'ld to,2842,. www.4-tc.biz 2optout,2273,500 - net,1916,New 2004,1015,reward,610,Netcollex Ltd,2445,truth Expression
spam,1283,at 18,2674,wml?id=820554ad0a1705572711&first trueÂ¡C C,517,pints carlin ten,2959,Huh,2683,08717898035 Â£3.00,909,Â– FUCKINNICE!SELFISH DEVIOUSBITCH.ANYWAY,144,ALETTER THATMUM GOTMARRIED,2773,lecturer weeks,389,HAUGHAIGHGTUJHYGUJ,354,Mins 1000 Txt,432,Lover Chef,2534,r model,2391,4 driving,1024,"cabin PA ,",2466,", IÂ’L """,2063,egg for,1020,to 61610 .,2763,... mind,2470,PORTIONS ME,1703,"20,000 txt"
spam,390,customer computer,1630,exam march 3,1599,class with,1540,. Txt LOVE NAME1,797,... BSLVYL,1690,Ltd. 1013 IG11,2707,member T Cs,732,words on,2089,GUD nyt,1036,on wednesday,1234,December 2005,413,shopping to,304,reward of,848,09094646899 Cheap,2430,Xmas ?,417,who to,2067,Thanx everything dat,558,ass to,1486,SHIT.JUSTFOUND ALETTER THATMUM,976,content text
spam,2751,At,604,txt ENG,2433,Dat,816,win FA,1240,my PA,2394,landline Delivery 28,1673,87077 ! TxtNO,178,sim archive Haiz,2133,! chat,26,? Jay,2917,* face,845,Kit Strip have,1987,2 2,2468,. girl,1960,. Neva,2218,MOBNO eg LOVE 07123456789,948,. woulda,714,Camcorder call,735,March,2895,. Two nurses
spam,184,fees,1375,087187272008 NOW1,1132,Tyler,2888,YES-910 NO-910 See,1142,! to,428,probs hon,613,cine lor,2876,AT AMY,2557,Pound 2,1755,Identifier 42810 Expires,1815,Wine dhina vaazhthukkal,74,to 85555 !,2047,. INDIA CUST SERVs,2135,MINS INDIA CUST,974,Ãœ gd guys,2402,maga that,1595,. L8ER,1190,gotany credit,2126,fast Dat,1131,With Cheer
spam,1945,u Txt CHAT,356,present ar,1319,tmr at,2893,Wot about,1362,6hrs If,2051,comp to,1004,Man -,624,UR 2 !,2756,to 80488,2191,", ryan",779,BAHAMAS ! 08081560665,2924,. self,2036,planned yo,1728,"1/2price , 500",1193,? tok,187,Text to 87121,1172,20 ok,87,Cheers for,1007,.. 2morrow,2814,Txt to
spam,1877,"6days , TsandCs",744,abt mei,2582,Txt CHAT,1337,3 TAROT !,2149,? 5.30,163,1 special,422,any receiptsâ€”well,1338,thru Voila,1214,chennai for,2208,LOOK AMY URE,838,ryan friend,1239,"Matrix3 , StarWars3",896,.. mail,826,for Xmas,337,message Zogtorius,2838,start March,557,That i.ll,719,Cheap Chat,2765,call 087187272008,2481,won Â£750
spam,1127,everybody to,2867,Haf,982,. INDIA,2963,lunch today,2087,New Mobiles,2484,.... to,1866,end march,1657,Gud Ni8;-,1902,did Kids,350,hear Netcollex Ltd,1376,sense in,2826,"Rose ,",454,! 100,473,best 4,813,3230,890,Nickey Platt,1637,", everybody",2824,CALL U,1490,Call 08000839402,823,os to
spam,35,Crying Baby Great,2307,Musta on,2351,. 128 mb,264,there-- greece,2563,Call 08715203652 :,2449,africa hope,84,"Babe ,",2651,HI BABE UAWAKE?FEELLIKW,310,IF 0870,2008,that 2waxsto,1181,story Man,619,2 u.,850,txt 83021,2666,. scratches,2603,.. Ã¼,525,tel ur,2166,Fancy chat flirt,642,side from,194,call 09061209465 !,2073,May Text FA
spam,2695,AMY URE BEAUTIFUL,1601,Okey iâ€˜ll,161,1 finish,1862,by,564,Xmas . claim,1975,good to,990,company In,570,. Â£3.00 Sub,2121,Fancy flirt Reply,621,UR BAHAMAS,2784,attending da,1345,between 2 ?,1344,. PSXTRA LRG,1818,part IQ,2127,cut Hee,664,10p .,2653,Guild,617,name STOP,927,Suprman Matrix3,620,pic re
spam,1069,Identifier : Expires,2900,New 3510i colour,2855,camera phones 4,846,bday nite,2523,letter on,2738,Lover Chef .,1146,Win High,2147,ASKED IF 0870,446,to 87066 .,1047,home aa,2548,4.50 . tone,1736,10p . 2,881,Aiyah tok,690,Costa Del Sol,1807,Rajitha Raj,942,smiles frm,1217,08700621170150p msg,2281,4BREKKIE ! LOVE,464,name to,841,. 2 texts
spam,2515,GUARANTEED . 09058094454,2169,"May , tomorrow",2593,Imprtant r TODAY,1884,"DEVIOUSBITCH.ANYWAY , CALL",2955,prize,2935,. MobileUpd8,253,big hundred.he,1604,. 255,1585,2 ur,95,face watches,34,love love,1397,02/06/03 is,1097,. texts,2879,Rose water season,1307,everybody up,1727,IM TELLMISS IM,679,", IÂ’L",1683,? time,2564,FLAG to,1857,Promotion Number 8714714
spam,2361,: Expression,2154,. way,1512,"Princess ,",290,black 2,2090,X49 mobile,23,to 85023 -,1968,! Account Statement,1510,phone DeliveredTomorrow 300,2954,lunch After,213,Promotion 8714714,2217,in bâ€˜ham,224,. Text 87121,265,. wot,120,13/4/04 . Call,1405,LOOK AMY,2598,50 ...,70,customer services 09065989182,798,doesn\'t March,1452,for Zogtorius,1059,without Mind
spam,2872,Ma head,634,Ambrith,1950,ericsson oso,409,- names,940,Your 500,2762,customer T&C,1210,- UR City,1006,Chef,68,Zogtorius IÂ’ve,1204,at 930,874,Tuesday night 4,1904,s i.ll,616,. Box39822,2503,leg Musta,1592,08701237397 must,1934,a High,2623,Mobiles from 2004,2836,MUSIC TnC,1205,DO B LOVE,818,Dat day
spam,2793,. 2,2020,SiPix Digital,1802,VIA,1567,K :,2862,tap at,1263,have Â£750 Pound,2555,WALES kinda,202,Netcollex Ltd 08700621170150p,2744,. PORTIONS,2206,Haiyoh,1392,", today",786,california,1562,chat with,1207,overa week,2797,two ?,1481,pc mom,177,80488 500,2905,have Â£750,1652,at Guild,754,? 100
spam,1431,NEFT Transaction,2692,from Dear,2577,Fancy flirt,820,4.50,1853,UR 2 BAHAMAS,1983,Mark 2 !,1029,", hour",348,""" dhina",239,"Matrix3 ,",2369,2003 Account,2857,Gud Ni8;- ),54,FLAG,939,Dear Helen of,42,prize if,1018,CHATLINES INCLU MINS,2704,Txt on,1680,u 2,2448,FLAG to 84199,742,BAHAMAS CallFREEFONE,1771,. weather
spam,723,want Tuesday,186,Dude sux,1361,between,1951,New colour,299,way London,2581,! 2stoptxt T&Cs,653,prize To,1074,/,1304,- KIng Pro,2223,type of,726,URGENT,2475,times job,1955,High Street prize,2097,4u,1741,is John John,1876,"Mobiles ,",2074,reply today,851,. To,1332,A BEAUTIFUL,2188,Netcollex 08700621170150p
spam,1531,- week,2667,630 Got,2747,... ur 4,2404,friends with,1262,M. . 08715203652,762,site for,1280,r to,1888,Per,668,trueÂ¡C C,439,"9 ,",1835,31 December,1812,FREE TAROT,1547,Haiyoh ...,2421,K.k:)apo movie,692,Z care,241,2004 MUST,2703,SIX win,2425,ten my,472,Call 08715203652,1775,URGENT ! 4
spam,2378,its Tuesday,458,With 300,571,S. I. points,2832,NEW DOUBLE,327,.. ONE,2295,Haiyoh ... hamster,2033,. Txt 88039,235,Yahoo ! 4,1816,. number,82,Wewa . Iriver,2625,at www.ringtoneking.co.uk,821,12mths linerental 500,981,lt;#&gt bucks,99,pass,167,reach Pl,1182,.... night,2717,ASKED 3MOBILE,2365,friend need,2173,", 087187272008 NOW1",968,tt
spam,278,hold connections,1732,. 500 text,908,XXX pics,2240,08000839402 ! 2stoptxt,2205,brother role,1113,. bday,1962,Howz persons,286,fine,1133,4 ur,1822,""" EY",1744,collection Call 09050090044,532,Txt 86688,1021,hopes offer,2844,BLOOD.Send to,1978,yo valentine,1590,80488 Your,435,930,2892,447801259231 secret,1781,to 87575 .,1414,EY DOWNON
spam,1495,Identifier,1445,test to,2673,offers T Cs,429,08700621170150p reply,835,Reply HL info,2210,lunch lunch,2055,Txt LOVE,246,TCs POBox334 Stockport,2153,.. Eyes,1895,car to,323,friday morning,1014,to 87066,258,cinema for,2933,. Luv,638,Promotion,2562,4 bx420-ip4 -,652,About,424,pass 2,2553,text FLAG,2543,Fancy chat
spam,135,Erm Woodland,182,night r 4,1023,messages until,599,like,2693,STORE 88039 SkilGme,2546,"1/2price ,",394,U ME LIKE,201,time finish,2532,SAID SHIT,1984,Ten,1447,da ?,2367,AT,2551,time flight,90,Each Moment,1119,afternoon sexy,661,. 09058094454,430,May . Text,683,- DOUBLE Mins,2907,Guild .,724,Miles smiles
spam,578,", rencontre",2730,2 4,2604,$,2647,Man,1506,Pound . claim,923,"Mobiles 2004 ,",271,in Vegas,49,Chef .,2141,stuff,1169,2 3,2823,. 500,402,! 4 Costa,1715,WK Txt STORE 88039,378,for 6hrs .,2345,Lemme,2810,between 2,1779,09061221066 .,807,am wednesday,372,tkts 21st,592,EY !
spam,2906,447801259231,2586,09066362231 URGENT !,1770,5,793,... daddy,2112,Thanx everything,738,87121 receive,1122,world princess,1357,call 087187272008 !,2438,Man - week,1646,. PSXTRA 4,2362,da:)i,427,16 ! 3,2856,; da,2612,", PROBPOP CU SATTHEN",1602,Ten special,1625,toClaim SAE TC,2863,NEED CLEAN,694,Darren,1995,to 86888,589,mymoby to
spam,669,morning Happy New,1594,08717898035 . Â£3.00,355,? Aiyah,2364,DONÂ’T LIKE,384,' doctors,2102,4thNOV.BEHIND,104,CHA,2750,ten please,2358,u hmmross STOP,700,PROBPOP CU SATTHEN,2326,. Mark,2195,'m Randy,2782,txt X,1608,. 150p day,1096,Mobiles from,999,. 16 .,1269,attempt u,2005,DeliveredTomorrow ? 300,244,Princess,1588,. John
spam,1786,Huh ...,1180,", boat",1647,150p,2864,8th to,2830,2 in,2620,", TsandCs",1778,City Break could,2722,SATTHEN ! LOVE,2873,. INDIA CUST,1277,tones2you.co.uk,296,http//tms widelive.com/index,1290,CHATLINES IN,1586,"AGO.CUSOON """,229,IF,2566,Taka .,1759,86888 claim,1211,: www,1873,jus use,2846,80488,1969,comp FA Cup
spam,2152,ni8 dreams,2204,Moment in,2712,Great Building,240,Moment day,528,! Fancy,904,what in,1611,80488 .,728,150p 18,1314,A SHIT,486,! NOKIA,2212,mom fun,1328,win,1790,87575 . 150p,1062,bonus caller 02/06/03,1458,"URE , INTELLIGENT",1223,Call 08712466669,2170,Aiyah 2 u,357,"Dear , Dozens",2384,. P,912,- ENG STOP
spam,308,until December,2800,- Offer,958,Wot,477,? 300 minutes,884,message Zogtorius .,2248,Txt CHAT to,1219,upon,1188,A SHOWR,513,: 8714714 UR,2878,ass epsilon,2502,URGENT !,2279,money to,403,Ã¼ leh,892,61610 to,1598,. Netcollex,2350,. Gud,1468,beach lor,1507,MMM Fuck Merry,1636,doesn\'t on,1100,Bristol road
spam,102,500 FREE,2411,Rajitha ( Ranju,2275,2 save,1135,K.k:)apo k.good,2084,call 08712460324(nat rate,1544,to 88039 .,2289,Fear With,815,", imma",2010,Y dat one,1339,Update_Now -,636,u thanx,688,"FUCKINNICE!SELFISH , IÂ’L",1011,Damn,2294,130 . Iriver,677,Txt to 88039,2572,K.k.how,2455,one for,2061,UR -,1081,touch thanks,1502,"Randy ,"
spam,29,weed for,474,", textin",2250,been Valentine,2937,approaches,706,prize Call 09058094454,1764,INTELLIGENT WOMAN LIKE,89,From,2313,lyricalladie(21/F ),1379,to,421,call 09058094597,2677,colour DeliveredTomorrow,1925,NEFT Transaction with,205,4BREKKIE ! JEN,733,! 09061221066,2376,THATÂ’SCOOL PROBPOP,853,: two egg,105,one of,980,Kit Strip,2580,", mom",901,4 den
spam,293,lie,2719,a GUARANTEED,2848,.. Imprtant,2567,Evening luv Night,2031,than,774,charles about,250,Update_Now Offer,2944,Tuesday night r,8,necklace as,595,... 630,2325,", B'day Boss",276,job Starts monday,1243,SAE TC,1364,thk,2023,! girls,2316,1/2price,2685,4 my,2060,. 2 Mark,1086,what cause,287,1 friend 2
spam,1686,Pete,2332,ENG Box39822,2596,Kit,1347,to 89545,2550,na Google,2477,bx420-ip4 .,687,- Text,4,cabin PA,169,attempt to,2713,rs shelf,1996,value Morning,136,insurance for,1700,entry in,2379,your 3,1390,logo ur,33,let U.,1249,2 e sim,1905,NOKIA No,2645,tickets cos,1898,seven .
spam,632,within 5,1224,""" Pete",1990,minute BT,1055,dat into,78,", 500 -",283,Mobiles,2330,KIng Pro Club,1565,sch stuff,1543,in 20,1631,Amrita college,1579,LOVE JEN XXX,41,fact that,1270,MINS .,720,2 know,1559,. friend,363,Merry to,392,u Wot,1078,footprints,1302,admirer who 2,147,May 2005 Text
spam,972,. Haiz,125,Armand,2199,points Call 08715203652,1449,. lunch,2536,3,691,! Txt CHAT,880,Amrita .,166,From 100,2309,person in,2293,. re,1404,TONE FLAG 84199,921,Man week,2134,care of,1747,S:)no for,2734,HMM if,2516,Organizer lt;#&gt,1867,da:)i of,2829,087187272008 NOW1 10p,2657,home by,2405,"Damn ,"
spam,545,447801259231 have,1194,TnC www,1300,problems provider,2194,lor time,871,I. . Call,2635,SiPix,2446,MUSIC to,1780,Luv from,1529,seven Is,1505,are SiPix Digital,1784,u 2morrow ..,684,u about,1749,in Amrita,76,prize Call,1573,lt;#&gt for,678,in 4 ...,2510,for yo,2435,fear of,2881,HI DARLIN,1483,"Urgh , coach"
spam,1359,movies as,2461,9 can,1892,Woodland .,2936,week b'day,1800,3 WANT,2200,Detroit . home,2670,( games,643,X49,2558,- S. I. M.,252,california . weather,978,games TheDailyDraw Dear,971,If,2011,. 13/4/04 .,928,first Usmle,2357,MMM Fuck,2380,thanx for,1761,New Nokia colour,716,ENG . Box39822,2809,way to,1363,prize GUARANTEED
spam,91,CHA BABE,2274,ringtone flag,1034,. Oyea,251,K : -):-,479,after,1843,2003 for,1858,claims,210,What up,2931,2 Join,2710,130,1515,T&C at 18,3,R Dear .,2960,- hope,164,gossip at,453,", Matrix3",92,call 09065989182 .,2167,HI BABE,861,87575 .,2341,930 ?,60,tho
spam,2835,entry,2497,txt to,2037,fifteen fucking,2748,what Somebody,868,4 Chef .,1840,impression,1480,Helen of,594,", INTELLIGENT WOMAN",2952,What pin,2370,best yo,1678,with 1/2price,346,.. Pl,1988,. Ãœ,2779,per BT,96,""" HI",666,Free,1342,4.50 your,2352,cruise CASH .,725,- UR City Break,836,hopes with
spam,1677,friend in,718,: No,1714,Neva mind,425,HUNNY ! JEN,910,SATTHEN 4BREKKIE LOVE,1912,Mind,2056,Its california,996,", 087187272008 !",2723,2005 .,627,Club at,1276,friend Companion 3,2741,my Kids,1801,HI,1911,Lul gettin,13,! to 85555,600,EY DOWNON THEACUSATIONS,2091,contact Txt CHAT,2267,Brandy Rum Gin,2202,Yo guys,2506,... wind
spam,2698,Nah,1048,2 ... Hee,2634,"URE ,",1165,By Rajitha,1384,IN,1982,TnC,69,Txt NOKIA,1009,cold nothing,2346,Mins Txt on,964,tkts 21st 2005,626,Rajitha,2264,call 09061221066 landline,2429,2 ! 08081560665,644,SEE U,141,min Polo 373,2041,HI IM AT,977,wit kz,1088,2 go,775,MESSAGE,1961,... hamster
spam,822,to 62468,1883,Landline DATEBox1282EssexCM61XN min,2398,class pm,1350,Wewa .,2654,LOVE JEN,128,wisdom Eyes,704,. photos,420,4 *,2390,gandhipuram to,1942,) two .,2958,2morrow,2216,Fear Cheer No,1065,1000 Txt .,1766,) care,134,time hope,1415,150p Polo,211,Reply,1685,of million,114,wiskey Brandy,2155,Helloooo ...
spam,523,u c,518,8714714 UR,343,. need,1232,3 TAROT,1039,wedding chapel,1389,e 4,1976,R ur,956,Dun,2682,morning,1102,"aid Usmle ,",1141,hole if,1555,88039 . SkilGme,165,Motorola 12mths,2410,work something,1827,gal in,30,vouchers entry 2,1425,Wen,667,at seven .,1285,eve spacebucks,712,in WALES
spam,2306,w Aiyah,2038,times night,2897,Call 09094646899 !,911,STOP Â£1.50 008704050406,1373,FA tkts,1919,e sim,2530,Yahoo !,393,cal once,2333,.. meet,1924,December,1669,Voila ! Money,2165,08712466669,2467,130 .,1071,pain to,416,girl world,952,""" GUD",436,thread cause,2945,=,2664,SERVs SED L8ER,575,EY CALM DOWNON
spam,1235,called,665,brains to,867,X49 . mobile,1286,than tho,261,heart Txt,1197,B,1479,. C,2066,Congrats year,478,) Dear Helen,482,tmr meet,487,march el,1477,baby thought,2265,2 ...,2678,. Who,227,Digital call,1175,ard 20,395,want Xmas,2159,one,492,. Call 08000839402,361,Wewa 130
spam,573,Howz that,1523,... Dun,2434,! 08081560665,2875,. warm,2168,Sat ?,989,! 1 year,2949,83021,563,WK Txt to,1676,? thought,1444,Neva .,2882,. 2morrow !,2576,friend to,2259,X49 .,1334,. Txt STORE,2595,. widelive.com/index,1229,Cos sis,1697,NEFT Transaction reference,2913,brings Night,2397,- to 85023,185,New colour phone
spam,2150,2 between,10,Twinks bears,1467,guy you:-,707,tons coins,2354,overa since,549,2 e,1213,Pound prize claim,1710,reference number,1724,wrks with,854,package since,2760,Landline DATEBox1282EssexCM61XN 150p 18,1170,! CallFREEFONE,1742,1 many,2308,""" morning",2287,fun,37,two Dad,193,landline Delivery,2284,What to,2125,Touch . night,2541,fancies Wanna
spam,152,Reply info,2146,birthday on,832,Polo Ltd,2642,B'tooth*. Call Mobileupd8,1443,! Account,1318,", place",1076,had Nickey,1474,. Chef,2414,lunch break,2868,wit,1387,to 2,2956,Valentine,538,Howz r,1643,Detroit home,857,4 After,2323,face in,2072,GOTMARRIED 4thNOV.BEHIND FUCKINNICE!SELFISH,2372,4 .,21,2 . 2morrow,445,.. Crab
spam,1927,2 . gravy,2505,Joy father,223,from Omg,2499,"FUCKINNICE!SELFISH , DEVIOUSBITCH.ANYWAY",785,end of,2334,08712466669 10p,2013,rs in,941,gastroenteritis If,1532,Good Morning,633,lot times:)lil,2474,U.,1433,Staff of,2457,MEGA 3,1874,on Orange,741,SiPix ! call,1740,at 10p,1842,", 6days ,",1900,London W1J call,898,who R*reveal,2860,.. today
spam,2201,4 . lunch,1272,redeemed S. I.,2408,face kisses,647,87066 TnC .,25,bread milk,843,tkts May 2005,1070,sitter for,782,letter B,1908,Ashley,1487,FREE,1110,much Ta,588,call 08718726978 !,2311,! bx420-ip4 5we,504,. nurses,419,Cheer Tear,710,abt e,2904,. to,2064,place near,1545,wiskey Brandy Rum,88,2 -
spam,1031,UR City Break,222,- 2 names,1072,09061221066 . Delivery,2343,4 !,2296,! 09066362231,2261,", to",2962,Nothing problem:-,471,SED L8ER,314,2 ?,118,Call 09050090044 toClaim,353,FOR LIFT,2874,Xmas prize 2,1049,3MOBILE 0870,2182,Umma .,2951,noun in,1949,! 4 *,2514,chip fat,1633,. Wife,524,on monday,2726,Wasted Den
spam,1914,hmmross STOP,196,1000 Txt,305,time week,317,OptOut STOP,1581,care Ã¼,176,121 60p,292,barcelona By,1789,Hope day,1407,another T&C,192,u who,2387,in 2,1705,CLEAN HEART,1103,.. Ni8;-,2262,u.,86,ONLYFOUND AFEW AGO.CUSOON,2213,Dear Helen,396,RT - KIng,2490,colour phone DeliveredTomorrow,767,- KIng Pro Video,1206,mobile
spam,1849,everyone befor,1664,K -):-,546,one ;,1016,u,975,. nothing,2093,. 09050090044 toClaim,2911,. Mountains,1537,Cheer No,1154,Wanna,1541,: Expires 29/10/0,1382,discount,2720,pc to,1826,PA,1236,with 3,452,- Morning,150,WON As,1551,. Cost 150p,103,5.30,101,HI IM HOME,2221,chance ur
spam,2143,. month,2771,married Ãœ,1298,Rajitha Ranju,151,Win,2957,: two,2525,087187272008 NOW1 !,1662,free Free,480,", prize",431,Text FA to,2328,Dear Gud ni8,2843,... R 4,1806,to Ten,1115,a SiPix,1788,txt X 07786200117,2251,. saibaba,1674,monday,1797,4 ! bx420-ip4,1776,... Fuck,745,GUARANTEED Call,2686,1
spam,708,ALETTER THATMUM GOTMARRIED 4thNOV.BEHIND,1999,Congrats kano,380,at 930 ?,366,Dude for,1440,U LIKE,254,landline within,490,someone punto,803,08715203652 : 42810,2271,PSXTRA PORTIONS ME,1120,u ? time,2035,: flirt,463,. 28,852,wan for,1005,Babe ! What,2015,yuou on,2012,widelive.com/index wml?id=820554ad0a1705572711&first trueÂ¡C,1958,.. madurai,2853,Nickey of,1303,morning princess Happy,2847,claim
spam,377,", children",1793,09094646899 ! Chat,2749,Â£750 Pound prize,2132,day Ã¼ da,391,! Text,856,"Dear ,",1139,HI IM,1032,c msg,992,T 08717898035 .,2885,Mobile,1846,GRAN AFEW,2025,4thNOV.BEHIND FUCKINNICE!SELFISH,1811,r 2waxsto,2630,MobileUpd8 08000839402 call2optout,1845,receiptsâ€”well !,769,VIA ALETTER,2754,call am,1533,Ãœ da talks,2198,. to 61610,373,week in
spam,2124,her Reply,385,! LOVE,2946,princess about,1037,Â£2000 GUARANTEED,2318,SHIT.JUSTFOUND ALETTER,1421,trueÂ¡C C RingtoneÂ,1406,! Mins 1000,1689,lt;#&gt da .,2658,da talks,1238,Zogtorius .,839,at seven,527,.. Ya,2116,TsandCs Reply,206,R*reveal,124,Ya than,2629,tap spile,499,. Nothing,15,. mobile,2440,2 . Companion,1476,Account for 800
spam,650,""" ni8",285,JEN .,1178,reply 08000930705,2866,. Soup,1967,Account Statement,1432,for 800 -,340,islands towards,900,Ni8;-,698,! 2003 Account,1198,bottle to,783,Opt -,2927,No Neva,2355,Call Identifier,2415,"Damn , zac",2716,txt,1966,- 2,2614,hundred.he batsman:-,2781,", season",2272,long 9,1863,Friendship poem
spam,1752,Helloooo,2628,to 4u,580,alcohol Jay,2736,for 50 ...,1626,AT WANNA DO,456,. text,2128,Crazy,1273,intro to,1335,Congratulations Thanks,1635,FreeMsg Fancy,2253,Celebrations in,1067,IM TELLMISS,2910,my London,998,4 in,2605,per,2234,argument from,1393,couple times,85,yahoo email,799,HAVENTCN IN,2014,walls bunkers
spam,1622,MMM,2244,08718726978 ! 10p,2301,rate,418,ENG .,886,18,2451,thing on,1798,Thanks honey,22,? Fifty,2043,havn't for,2094,STOP to,959,K.k:)apo .,2592,one loving,32,. Call 08712466669,2450,? day,1201,. wan 2,320,befor,1577,Lul,987,two of,1264,dokey iâ€˜ll,511,2005 Text
spam,1145,ITXT U,1030,John John is,230,. Yar,113,textbook intro,2898,"FUCKINNICE!SELFISH ,",2769,Soup !,1296,Dude What,1079,Orh,943,K. call,2721,way friendship one,2941,Den chiong,878,who at,1641,in ten ....,1045,LIFT U,1163,Mobiles 2004,961,K,1980,Â£3.00 . 16,1176,be Club,67,a Tuesday,2110,BILL 3 DONT
spam,1932,Wewa 130 .,73,s Oyea,1171,! Happy New,1693,lunch la,1261,Haf ?,500,LIFT U TOMORROW,1618,Â£750 prize 2,608,Ni8;- ),548,until,1787,. gravy,1494,. 09058094454 land,1089,RT KIng,1721,help Ashley,2679,09061209465 ! C,2339,Shampain Wine dhina,1409,13/4/04 . 08717507382,1682,09058094454 from,1003,hold of,2002,Netcollex Ltd. PO,758,! 3 Free
spam,1503,lt;#&gt da,1810,- mins&100txt,828,games TheDailyDraw,1799,Babe,1954,Omg,2479,Ta earn,2684,surfing lor,1820,. OptOut,938,. banks,1568,MINS . INDIA,345,iâ€˜ll in,629,Den chiong sat,2735,imma cause,2930,work call,2065,! CallFREEFONE 08081560665,1605,Text 85555,804,up,2806,"Â– FUCKINNICE!SELFISH ,",2489,87066 TnC,1865,lap in
spam,1428,Alwys Touch,1365,type,20,2 . 2,1046,Chat,1441,08001950382 call,1656,: Rajitha Raj,1140,Dear,522,DO B,637,Sac,1294,video with,1936,net mins&100txt,1430,jay sort,2432,630,2148,to 83021,1485,; min,1528,", 500",2552,. Voila,2579,- who,2804,09058094454,359,TheDailyDraw Dear Helen
spam,695,8714714 -,763,85023 -,1466,call 09061743386,1644,Netcollex per,1856,K.k:)apo,123,Congratulations to,2363,road side,2932,", kiss",2803,. 2 meals,332,HEART WITH,1887,.. Mind,1265,final May,2137,number to,1508,. 2 claim,727,are Gud,1137,09066362231,2416,near,2731,"07xxxxxxxxx Â£2,000",1663,3 FREE,788,IN AGES
spam,2718,Fifty,1548,PRIVATE 2003,751,v,1321,Vegas vegas,1708,call 09065989182,1819,60p .,2883,"Night ,",2021,Rajitha Raj Ranju,2123,""" woah",995,Huh science,1878,20 ...,926,! Thanks,581,... Neva,547,FA Cup,216,! From 100,168,As,1161,", havn't",795,. 09050090044,2938,Wil .,1648,Don
spam,2737,planning to,2833,Dad,2929,. test,2801,father John,2236,4 long,1930,87066 . Ldew.com1win150ppmx3age16subscription,2078,4 Costa,58,12mths linerental,468,. trueÂ¡C,1767,mean bâ€˜ham,335,dwn GUD,437,! Opt,1613,Yo,596,", INTELLIGENT",1126,way rencontre,2454,Neva test,455,GOT . 3,2164,"POBox334 , Stockport",274,", what",2585,are SiPix
spam,249,- for three,2335,FREE Bluetooth,2827,Ãœ,1885,TsandCs Reply HL 4,697,jealous million,1651,lt;#&gt times,2495,kappa guys,757,... Den,587,4 ...,339,"Scotch """,1666,2 .,646,eyes in,1549,Sol Holiday await,1991,. worries,1939,Imprtant U r,2807,.. whr,2304,move if,1143,thing princess,2819,TELLMISS ON,1931,wml?id=820554ad0a1705572711&first trueÂ¡C
spam,1850,song bro,1609,in california,2058,2 come,1183,Mins 1000,2486,banter,831,Babe What,1267,Wot ?,2521,! Txt 86688,510,million,1287,CU SATTHEN HUNNY 4BREKKIE,1461,call 08718726978,1436,. IÂ’ve,663,one dunno,2606,DONÂ’T ME,1847,16 Club,794,FREE NOKIA,2661,wnt wid,2871,9,635,DAYS AGO.CUSOON,203,2 . Yar
spam,217,gd guys,2298,u wan 2,1148,call at,1075,3 !,673,DATEBox1282EssexCM61XN min 18,2705,problem thanx,936,call 09061221066 .,2022,. Reply YES-910,199,cause,2342,vouchers entry,2547,love lt;#&gt,1130,yo,2129,* Costa Del,341,DEVIOUSBITCH.ANYWAY CALL,80,08701237397,914,love U.,2618,redeemed S.,2048,chuckin ur,1010,INDIA CUST SED,2668,Dear .
spam,1823,x,2228,chiong on,2136,everything to,457,home work,326,Ma,347,EY CALM,1152,Update_Now,1738,NEFT reference number,411,class at,1617,placement training Amrita,2894,people called,200,2 spell,328,everything with,1517,Map ..,2512,SED L8ER GOT,157,Hard 121,1396,better tho,2069,so,2539,footprints to,2418,lesson
spam,2483,Call 09050090044,1566,chances to,1746,. Netcollex Ltd.,155,. 09094646899 !,1963,ASKED IF,2156,wednesday .,2120,44 Do,1722,On,1112,ones Gud Ni8;-,1348,Xmas . 2,1831,Opt - ENG,764,WITH,2914,New 3510i,112,! 1,12,one tt,153,20,2608,2morrow ..,1745,Update_Now - Xmas,1561,ex one,562,whether 2 ...
spam,2533,December 2005 .,790,guy out,1729,prestige problem,2312,.. waves,784,UR,597,SIX,2638,imma drink,242,babe that,331,Offer,2297,u Txt,1177,Vegas in,1381,two .,2891,around,259,Haf u eaten,2227,chest abdomen,1525,Ãœ home,2427,0800 find,947,sim Haiz,2092,a New,1935,tons if
spam,749,FreeMsg :,1385,my Dear,374,. cricket,116,. claim,2003,Â£200 Summer spree,2161,lt;#&gt cheese,1454,2 for,584,Rose,2908,Thk of,639,problem,2733,! Txt,140,.... Gud,1423,Ambrith madurai,426,. Tis IAS,14,DOWNON THEACUSATIONS,279,Offer DOUBLE,1158,. Call 09094646899,555,madurai u,747,food place,993,free 0800
spam,1785,Chachi calling,1977,Â£750,1274,", princess",2616,HI UAWAKE?FEELLIKW,2268,New Nokia,1909,NOKIA Motorola,737,80488 . 500,260,Crying Baby,1033,road at,869,Detroit,111,what problem,760,. call 09061209465,1242,trueÂ¡C RingtoneÂ,830,to XCHAT,2226,EY,2761,T 08717898035,367,creative Neva,1591,jocks calling,1701,Goto mymoby,2270,? Celebrations
spam,2786,", SonyEricsson Nokia FREE",2399,need receiptsâ€”well,2594,", X49",730,. Anyways,444,Taka lor time,2590,Oyea .,954,; bucks,2081,. text 61610,1957,Update_Now Xmas,985,- call 09058094597,2899,Joy,753,! Text 85555,1151,Xmas ? 100,660,latest 4,1584,mayb lor,451,of Joy,1667,of el,1220,morning princess,330,WALES,559,", telephone"
spam,2662,Fifty ?,979,without,1324,money that,872,Rose water,2053,wednesday,2220,Neva ...,63,at 10p .,2476,wnt to,970,if,2353,ur 4,1391,times per,864,advice,1349,Join OptOut STOP,1386,shit because,247,Xmas .,2269,Nvm,1734,daddy to,1107,. Txt LOVE,876,computer Aiyah,1868,office lap
spam,1569,rights of,705,? year,1973,three,1051,to 86688,1500,FREE MINS,612,_ _ Joy,72,86888 your,2160,who Duchess,1001,north carolina,1513,minutes to,1138,. Iriver 255,1965,""" UAWAKE?FEELLIKW",1964,valid December,2026,GUD MRNG,962,Fuck Merry to,2103,High Street if,1025,Thanks for,1309,", life",1042,placement Amrita,951,get yo
spam,2278,- Text 85023,1218,Earth,2926,. HAUGHAIGHGTUJHYGUJ,731,on 08000839402,1371,Ãœ home work,1642,! 09061221066 landline,231,TAROT,2095,13/4/04,2057,42810 29/10/0,291,PROBPOP IN,556,Xmas,1687,cut road,1671,! Chat,1123,! Happy New Year,1446,airport road,498,house on,17,for 6hrs,866,cinema pass 2,1910,THE LIFT,1890,2 BAHAMAS !
spam,484,txt STOP,1388,... Ã¼,953,FRND 62468,2663,Urgh,920,Free Camcorder call,1228,2 ..,2348,for 800,2837,Happy New,77,night so,807,am wednesday,650,""" ni8",1980,Â£3.00 . 16,742,BAHAMAS CallFREEFONE,54,FLAG,1704,wedding in,113,textbook intro,651,bx420-ip4 5we,1804,2 Mark,2953,one ends,573,Howz that
spam,1821,ASKED,1977,Â£750,2022,. Reply YES-910,15,. mobile,724,Miles smiles,2101,heart Txt LOVE,1734,daddy to,1459,. call 09061743386,1753,Account Statement shows,2294,130 . Iriver,259,Haf u eaten,1856,K.k:)apo,1138,. Iriver 255,785,end of,1088,2 go,366,Dude for,1388,... Ã¼,147,May 2005 Text,2345,Lemme,780,wid
spam,1063,Your 4,978,games TheDailyDraw Dear,1082,to 84199,1549,Sol Holiday await,2347,GOD,281,Txt . Call,118,Call 09050090044 toClaim,2565,plans What,2237,. P.,1385,my Dear,149,09065394973,1750,Moby .,2914,New 3510i,497,Taka,2888,YES-910 NO-910 See,1957,Update_Now Xmas,504,. nurses,2641,Call 08717507382,2877,BABE IM AT,2457,MEGA 3
spam,2372,4 .,716,ENG . Box39822,2674,wml?id=820554ad0a1705572711&first trueÂ¡C C,2247,. Â£3.00 16,2339,Shampain Wine dhina,2688,URGENT ! number,1021,hopes offer,1114,to 80488 .,1004,Man -,2480,: Rajitha,2176,easy 087187272008,1457,! 4,1700,entry in,2028,for 2,2378,its Tuesday,2279,money to,2534,r model,1649,87575 . Cost,462,Voila Money,533,sister to
spam,833,thanks to,1724,wrks with,2340,time of,889,Call 09094646899,56,the Zogtorius,427,16 ! 3,1265,final May,772,.. nyt,2174,kiss kiss,2129,* Costa Del,2659,one ... abt,1852,07123456789 Yahoo !,1918,. Gud ni8,812,billed Netcollex,2073,May Text FA,652,About,2322,E rest,2222,tat vid,2242,IQ Tis IAS,2094,STOP to
spam,1153,spree WK Txt,256,for,2660,: 89545,733,! 09061221066,2410,work something,477,? 300 minutes,2954,lunch After,1819,60p .,2258,2waxsto do,117,night if,2561,150p Netcollex,223,from Omg,1691,time Ã¼,194,call 09061209465 !,1331,darlings Hope,740,u hmmross,2227,chest abdomen,1483,"Urgh , coach",1243,SAE TC,2530,Yahoo !
spam,1790,87575 . 150p,525,tel ur,766,3hrs 16,752,four need,1085,on Landline,1283,at 18,2210,lunch lunch,2149,? 5.30,112,! 1,935,HUNNY 4BREKKIE JEN,2147,ASKED IF 0870,1983,Mark 2 !,2032,seven,1058,. T&C,2567,Evening luv Night,2950,Call Identifier Code,1341,"! to 20,000",1803,can cheap:-,717,", bears",2846,80488
spam,940,Your 500,222,- 2 names,2437,09065989182 From,257,call 08000930705 .,692,Z care,2556,cricket Gimme,734,Ya one,1538,.. Ni8;- ),1034,. Oyea,2591,4.50 .,1576,U .,2768,GUARANTEED . Call,686,styles,1800,3 WANT,725,- UR City Break,2548,4.50 . tone,2428,Happy !,813,3230,1468,beach lor,1465,e mode
spam,1463,Starts monday,1558,08715203652 Identifier :,633,lot times:)lil,2600,. Musta,1681,tomorrow yesterday,1425,Wen,1881,""" CHA",2866,. Soup,2439,whether 2,2358,u hmmross STOP,479,after,531,Cornwall ? Txt,1978,yo valentine,614,Happy,904,what in,520,be Guild,1012,( 8th,40,. Call 08717507382,2838,start March,758,! 3 Free
spam,1016,u,947,sim Haiz,1174,"Â£2,000 Xmas",1325,NOKIA No 89545,1634,BABE IN,2436,one next,1498,! monday,2735,imma cause,604,txt ENG,2373,bus stop,2301,rate,1355,sister from,251,K : -):-,1443,! Account,388,finish call,1349,Join OptOut STOP,217,gd guys,1654,Gud,204,Hmm to,2284,What to
spam,2005,DeliveredTomorrow ? 300,144,ALETTER THATMUM GOTMARRIED,1170,! CallFREEFONE,275,thing Earth ...,274,", what",975,. nothing,298,86888,1227,rooms befor,2642,B'tooth*. Call Mobileupd8,2180,", iâ€˜ll",458,With 300,8,necklace as,789,Dear . Gud,134,time hope,2683,08717898035 Â£3.00,1396,better tho,763,85023 -,1268,reply call,1242,trueÂ¡C RingtoneÂ,1698,Last 2
spam,47,dating Msgs,1101,friend until,1444,Neva .,359,TheDailyDraw Dear Helen,2577,Fancy flirt,1929,called in,1891,everybody around,648,Heart without,584,Rose,2241,? XX,2353,ur 4,2215,Google cliffs,67,a Tuesday,2048,chuckin ur,2599,cruise CASH,124,Ya than,491,Statement 800,2540,TsandCs,2483,Call 09050090044,216,! From 100
spam,2440,2 . Companion,1991,. worries,2232,tuesday On,2748,what Somebody,70,customer services 09065989182,2278,- Text 85023,1959,GUD .,2333,.. meet,1899,good from,2235,. move,499,. Nothing,2186,for Jay,1381,two .,35,Crying Baby Great,2520,yr To,2720,pc to,587,4 ...,1571,from Netcollex,1011,Damn,2061,UR -
spam,915,rubber place,5,air What,2131,phone With,154,within 28,272,a Darren,448,! Wot,2203,Polo 373 London,1194,TnC www,1006,Chef,1945,u Txt CHAT,984,RT,1757,! Starts,267,on Tuesday,221,Brandy,929,service VU,961,K,2122,package dec,2782,txt X,824,the Crab,517,pints carlin ten
spam,2604,$,547,FA Cup,1207,overa week,2184,Babe !,14,DOWNON THEACUSATIONS,2654,LOVE JEN,289,", lt;#&gt",1209,Two are,2416,near,1366,AMY URE,2108,! Dad,1362,6hrs If,2845,. GOD,196,1000 Txt,1429,MMM ...,1309,", life",1340,U DONÂ’T,1562,chat with,1979,Netcollex 08700621170150p msg,1630,exam march 3
spam,2589,taxi C,626,Rajitha,2865,Txt Orange Call,2723,2005 .,777,e msg 2,1647,150p,183,ENG STOP Box39822,958,Wot,1145,ITXT U,2843,... R 4,1896,T&C 18,1260,"TheDailyDraw Dear ,",1188,A SHOWR,248,Mark 2,1363,prize GUARANTEED,1152,Update_Now,1847,16 Club,2331,BABE IM,1705,CLEAN HEART,2692,from Dear
spam,2009,Holby,2099,Call 09058094454 land,1720,09061743386,621,UR BAHAMAS,794,FREE NOKIA,307,company name,2918,! TxtNO 4,379,until 4,433,a Vodafone,2504,Dude,2854,colour phone,1195,3MOBILE IF,108,2 easy,447,feeling If,2275,2 save,946,- DOUBLE,1306,on,1164,Miles,396,RT - KIng,835,Reply HL info
spam,1751,BABE HOME,1411,. friendship,84,"Babe ,",2844,BLOOD.Send to,1075,3 !,1644,Netcollex per,2944,Tuesday night r,1434,to Wot,1884,"DEVIOUSBITCH.ANYWAY , CALL",220,call 08701237397,2708,BABE PROBPOP,1455,* kiss,871,I. . Call,2532,SAID SHIT,2482,4BREKKIE !,1521,you'ld to,488,- KIng,1674,monday,1234,December 2005,2163,To
spam,314,2 ?,1441,08001950382 call,2791,84199 Opt -,148,Den,1816,. number,337,message Zogtorius,638,Promotion,1163,Mobiles 2004,2632,GOING BAHAMAS,2229,Waaaat,2355,Call Identifier,2547,love lt;#&gt,33,let U.,443,maga money,79,Happy B'day,1494,. 09058094454 land,1811,r 2waxsto,184,fees,723,want Tuesday,2827,Ãœ
spam,2942,FREE bx420-ip4,615,Merry,2820,- on 09058094597,2308,""" morning",1837,Zogtorius,681,MUST Txt,2790,4BREKKIE,802,about,2260,well babe,788,IN AGES,546,one ;,1115,a SiPix,1197,B,1973,three,128,wisdom Eyes,1650,text stop 61610,1692,ur 2,2610,Txt,1516,friend Companion,2139,2 BAHAMAS
spam,2102,4thNOV.BEHIND,294,! 09066362231 !,522,DO B,398,the Â£750,1192,text messages,560,62468,1895,car to,2323,face in,1537,Cheer No,544,tap spile seven,2737,planning to,1579,LOVE JEN XXX,511,2005 Text,1564,MMM ... Fuck,185,New colour phone,2813,coins to,859,"to 20,000",919,44,1117,2 :-(,2497,txt to
spam,774,charles about,380,at 930 ?,2775,CD gift,707,tons coins,2125,Touch . night,318,. to 88039,642,side from,385,! LOVE,1402,"DAYS AGO.CUSOON """,670,AGES ME IF,1897,u wan,2842,. www.4-tc.biz 2optout,2784,attending da,1513,minutes to,1330,Thanx 4,1203,gud ni8,97,Moby Pub Win,2388,matter mind,1485,; min,2929,. test
spam,2305,- advice,1315,since,55,to 85023,287,1 friend 2,997,TONE to,2558,- S. I. M.,496,2 send,1177,Vegas in,2903,Subscribe6GBP mnth 3hrs,1892,Woodland .,2057,42810 29/10/0,192,u who,475,of two,252,california . weather,882,.. 2morrow maga,1232,3 TAROT,1,", problem",1636,doesn\'t on,1024,"cabin PA ,",2826,"Rose ,"
spam,487,march el,1356,. Â£3.00,384,' doctors,1036,on wednesday,2894,people called,708,ALETTER THATMUM GOTMARRIED 4thNOV.BEHIND,1262,M. . 08715203652,99,pass,2412,... Y,2123,""" woah",590,King,832,Polo Ltd,1611,80488 .,386,. Thanks,422,any receiptsâ€”well,2564,FLAG to,2728,class tomorrow,1568,MINS . INDIA,1322,2 . OptOut,890,Nickey Platt
spam,2788,. priority,2157,. time,2911,. Mountains,317,OptOut STOP,1288,... lot,321,2 put,1623,? WALES,1089,RT KIng,1035,flag on,2003,Â£200 Summer spree,1522,09050090044 . SAE,1365,type,2479,Ta earn,1223,Call 08712466669,6,mc,2653,Guild,2562,4 bx420-ip4 -,2070,what to,1202,operator to,600,EY DOWNON THEACUSATIONS
spam,2763,... mind,2178,cheap:- ),2502,URGENT !,1206,mobile,1865,lap in,1403,Txt to 86688,2667,630 Got,1887,.. Mind,842,In,771,B LOVE MUM,555,madurai u,465,model sony,397,miles from,270,bottle wine,1697,NEFT Transaction reference,276,job Starts monday,2441,! 2003,1512,"Princess ,",325,... Fuck Merry,867,X49 . mobile
spam,830,to XCHAT,42,prize if,553,09066362231 !,114,wiskey Brandy,2568,T Cs Â£3.00,395,want Xmas,1047,home aa,515,!,2585,are SiPix,120,13/4/04 . Call,665,brains to,586,. Gimme,2424,Aiyah tok 2,612,_ _ Joy,1190,gotany credit,2592,one loving,2239,spree WK .,2732,man that,175,J .,2583,"PA ,"
spam,2150,2 between,2601,blimey exercise,1022,WK . Txt,58,12mths linerental,2874,Xmas prize 2,224,. Text 87121,1214,chennai for,986,+,2922,TAROT TEXTS Find,115,Detroit .,1900,London W1J call,951,get yo,2797,two ?,1292,TxtNO ads,1836,FUCKIN SHOWR,677,Txt to 88039,855,HMM,2236,4 long,1774,GUARANTEED .,1009,cold nothing
spam,195,DOWNON THEACUSATIONS U,1645,K.k.how business,934,WK .,1096,Mobiles from,1938,4BREKKIE JEN,2233,Mind without,2208,LOOK AMY URE,1297,2 our,2277,Imprtant r,703,Â– FUCKINNICE!SELFISH,2371,130 255,2526,Iâ€˜m to,237,tmr meet 930,268,out,800,two !,2324,"K , text",46,credits www.ringtoneking.co.uk !,2721,way friendship one,2778,. 09061209465,153,20
spam,2521,! Txt 86688,738,87121 receive,2823,. 500,768,. membership,2293,. re,456,. text,1127,everybody to,1524,sittin for,338,to 87077 !,962,Fuck Merry to,498,house on,1735,Ashley that,378,for 6hrs .,1701,Goto mymoby,2822,K call,26,? Jay,2190,TnC .,1747,S:)no for,17,for 6hrs,1709,call 09061209465
spam,203,2 . Yar,2059,is John,258,cinema for,1653,night r,1048,2 ... Hee,1428,Alwys Touch,1858,claims,2943,ar,639,problem,138,camera phones,1788,txt X 07786200117,407,HAVE WON,1994,? Dat,779,BAHAMAS ! 08081560665,2695,AMY URE BEAUTIFUL,2300,09066362231 Your,2524,to one,2725,the Xmas,2093,. 09050090044 toClaim,1763,eyes philosophy
spam,1093,: to,1596,CALL to,1371,Ãœ home work,414,two ! Dad,277,. Cost,1767,mean bâ€˜ham,110,) Dear,330,WALES,702,2 2morrow,1358,. mind,2346,Mins Txt on,1676,? thought,2117,u maga,467,? hope,2018,won,25,bread milk,730,. Anyways,1226,crab Crab :,2421,K.k:)apo movie,2850,news after
spam,1318,", place",2687,CHATLINES INCLU,916,type stuff,2507,Huh ... Dat,783,Opt -,1975,good to,655,your yo,2362,da:)i,454,! 100,1155,phone ur,799,HAVENTCN IN,2835,entry,2422,Dude .,2130,Vodafone customer computer,561,site songs,1272,redeemed S. I.,1851,300 to,2576,friend to,823,os to,549,2 e
spam,1613,Yo,2291,. 3030 .,247,Xmas .,2033,. Txt 88039,1270,MINS .,663,one dunno,1987,2 2,1679,Dear Helen Dozens,2900,New 3510i colour,2816,time ur,2506,... wind,2286,Voila !,1595,. L8ER,1040,BILL,2161,lt;#&gt cheese,568,"Offer Motorola ,",1719,Gumby,357,"Dear , Dozens",2937,approaches,1539,girls office
spam,1229,Cos sis,2952,What pin,394,U ME LIKE,470,16 TsandCs,776,mobile 100,516,problem at,2133,! chat,2052,. Â£250 3,480,", prize",1239,"Matrix3 , StarWars3",382,GRAN,620,pic re,1486,SHIT.JUSTFOUND ALETTER THATMUM,798,doesn\'t March,2420,AMY,412,awarded City,2868,wit,1955,High Street prize,1817,83021 .,1158,. Call 09094646899
spam,1628,Cheer Tear U,2029,map reading,588,call 08718726978 !,1500,FREE MINS,2332,ENG Box39822,1467,guy you:-,1286,than tho,903,"POBox334 ,",51,? Fifty ?,2615,paypal Voila,1786,Huh ...,1711,""" EY CALM",2230,? tomorrow,82,Wewa . Iriver,2145,ASKED 3MOBILE CHATLINES,2670,( games,2026,GUD MRNG,2805,. 4 Chef,1345,between 2 ?,2715,; cheese
spam,2462,on 02/06/03,2092,a New,2173,", 087187272008 NOW1",2738,Lover Chef .,1622,MMM,1728,"1/2price , 500",399,! ¦,71,Be Touch,1094,"Shampain "" dhina",405,! Text CHANCE,2160,who Duchess,2717,ASKED 3MOBILE,1823,x,1637,", everybody",2503,leg Musta,2508,Urgh coach,1383,08718726978 !,315,Rajitha (,2142,points Call Identifier,1604,. 255
spam,1252,come mc,351,credits at,1641,in ten ....,500,LIFT U TOMORROW,137,. What,1946,cause to,1151,Xmas ? 100,2141,stuff,2651,HI BABE UAWAKE?FEELLIKW,2587,T 08717898035 Â£3.00,45,; inches,360,crab on,2539,footprints to,1320,Mins DOUBLE on,2740,* pub,1723,a Txt,119,times:)lil call,2365,friend need,2928,wot to,2855,camera phones 4
spam,1951,New colour,1335,Congratulations Thanks,2832,NEW DOUBLE,1952,WANNA ?,618,Hope,973,sitter kaitlyn,21,2 . 2morrow,611,slices pizza,585,P diddy,844,Ambrith .. madurai,657,""" GRAN AFEW",1420,rooms cheap:-,1156,"K ,",1263,have Â£750 Pound,2197,Â£750 .,556,Xmas,2815,Sat,1718,eatin cinema,960,text TONE FLAG,1274,", princess"
spam,1602,Ten special,73,s Oyea,1746,. Netcollex Ltd.,377,", children",2581,! 2stoptxt T&Cs,1028,. 2optout,1807,Rajitha Raj,1907,weâ€˜re bâ€˜ham .,1333,3MOBILE,669,morning Happy New,606,3510i DeliveredTomorrow ?,164,gossip at,1310,MobileUpd8 08000839402,508,"May ,",2403,WOTU AT,1972,park village,438,! 2stoptxt,2933,. Luv,2711,: 8714714,1148,call at
spam,753,! Text 85555,2795,by tones2you.co.uk,1287,CU SATTHEN HUNNY 4BREKKIE,2262,u.,2471,87066 TnC www,1165,By Rajitha,1585,2 ur,1770,5,1121,. OptOut STOP,2360,. 09061209465 !,1213,Pound prize claim,1066,Taka . time,1730,Crab :,2745,86688,1072,09061221066 . Delivery,2075,NIGHT THANKS,1635,FreeMsg Fancy,624,UR 2 !,437,! Opt,949,Ãœ da
spam,631,thanks for,2700,call on,72,86888 your,2798,SMS.ac u hmmross,1375,087187272008 NOW1,1027,Dude sux snake,755,WON,2219,entry Â£100,2430,Xmas ?,1474,. Chef,2776,61610,41,fact that,2282,? Txt,1948,10p minute BT,1960,. Neva,141,min Polo 373,1014,to 87066,1559,. friend,2414,lunch break,32,. Call 08712466669
spam,695,8714714 -,2034,time u 2,1518,hours to,2535,2 joined,660,latest 4,571,S. I. points,1221,Although,87,Cheers for,2166,Fancy chat flirt,1974,will hundred.he,2883,"Night ,",836,hopes with,1266,lt;#&gt mins,868,4 Chef .,928,first Usmle,2573,Polo Ltd Suite 373,721,da .,1472,- DOUBLE Mins DOUBLE,225,Thk,1551,. Cost 150p
spam,1548,PRIVATE 2003,2707,member T Cs,1200,Camera 09061221066,2741,my Kids,1157,Brandy Rum,2663,Urgh,1449,. lunch,811,ENG STOP,2765,call 087187272008,1970,800 -,2113,bonus on,1064,INDIA SED,101,HI IM HOME,589,mymoby to,2719,a GUARANTEED,921,Man week,1845,receiptsâ€”well !,541,sch daddy,2306,w Aiyah,2159,one
spam,1864,"Haha ,",1219,upon,530,: 8714714 -,1222,FA,1503,lt;#&gt da,472,Call 08715203652,2325,", B'day Boss",1831,Opt - ENG,1599,class with,1430,jay sort,1966,- 2,1199,files system,838,ryan friend,2851,Account,18,3 ! Text,2249,. 3 DONT,1191,U R Near,1798,Thanks honey,2658,da talks,873,awarded SiPix
spam,1794,movies in,1389,e 4,2455,one for,2023,! girls,2555,WALES kinda,1962,Howz persons,453,", Matrix3",2602,. 2 .,2080,09066362231 URGENT,1556,home of,1953,Zogtorius . IÂ’ve,1619,S:)no competition,306,Earth ...,65,neighbor for,2884,. Call,2612,", PROBPOP CU SATTHEN",1989,SiPix !,2677,colour DeliveredTomorrow,2762,customer T&C,892,61610 to
spam,320,befor,2276,Costa Del,996,", 087187272008 !",2831,1/2price 500,1476,Account for 800,2447,IM,1285,eve spacebucks,2065,! CallFREEFONE 08081560665,2528,ONLYFOUND AFEW,2199,points Call 08715203652,2640,FA Cup tkts,202,Netcollex Ltd 08700621170150p,810,Txt NOKIA No,243,FLAG 84199 !,1818,part IQ,387,NOKIA to,1321,Vegas vegas,2575,Identifier Code Expires 29/10/0,2231,bus If,319,100
spam,2630,MobileUpd8 08000839402 call2optout,506,IAS to,827,yo ?,1327,2 is,1432,for 800 -,273,cricket ground Gimme,423,girl in,1001,north carolina,168,As,446,to 87066 .,2637,SHOWR,627,Club at,1393,couple times,853,: two egg,2730,2 4,804,up,674,on 0800,2289,Fear With,2605,per,191,Cheer No Tear
spam,1791,4 Chef,1045,LIFT U,1801,HI,2915,B'tooth*. Call Mobileupd8 08001950382,1249,2 e sim,636,u thanx,1743,. sch,917,mobile T,1828,necklace token,1632,Moby Pub Quiz,2800,- Offer,53,story Man -,1689,lt;#&gt da .,1240,my PA,1110,much Ta,349,. 2morrow,1684,reward hours,286,fine,1118,! Hope,1782,Moby Pub
spam,2181,results,700,PROBPOP CU SATTHEN,735,March,2245,for Usmle,1820,. OptOut,347,EY CALM,861,87575 .,332,HEART WITH,714,Camcorder call,1832,. plans,1324,money that,1275,8714714,1593,free 2,1578,... U,2897,Call 09094646899 !,821,12mths linerental 500,2938,Wil .,616,. Box39822,282,Call 08717507382 !,883,. on 08000839402
spam,1648,Don,2751,At,1683,? time,2919,cheap:-,1133,4 ur,2673,offers T Cs,2390,gandhipuram to,1370,touch weekend,2529,", reference",162,to 61610,826,for Xmas,2006,... chiong,2623,Mobiles from 2004,1755,Identifier 42810 Expires,1776,... Fuck,2948,entry 2,1779,09061221066 .,80,08701237397,2749,Â£750 Pound prize,1965,""" UAWAKE?FEELLIKW"
spam,2062,no HAUGHAIGHGTUJHYGUJ,1756,bâ€˜ham .,2811,-- you've,2789,Â£750 . 2,944,. Identifier Code,2459,85555 16,2809,way to,1233,Bam for,1423,Ambrith madurai,1086,what cause,693,; Rs,672,2 - 2,886,18,1394,""" GRAN",1594,08717898035 . Â£3.00,1603,FA tkts 21st,2960,- hope,2370,best yo,1685,of million,512,. 16
spam,1458,"URE , INTELLIGENT",2867,Haf,767,- KIng Pro Video,2330,KIng Pro Club,1079,Orh,850,txt 83021,1346,side,623,free,1053,Happy New Year,981,lt;#&gt bucks,2947,: -):-,130,towards,696,Soup,1359,movies as,2662,Fifty ?,2361,: Expression,1184,awarded City Break,2940,4 bx420-ip4,288,Sat ? thanks,464,name to
spam,1563,", blimey",1916,New 2004,1575,... Hee,597,SIX,93,colour DeliveredTomorrow ?,2364,DONÂ’T LIKE,877,", love",1597,U Near,1010,INDIA CUST SED,424,pass 2,92,call 09065989182 .,2451,thing on,965,person who,2091,contact Txt CHAT,819,Xmas prize claim,2175,. www.4-tc.biz,1883,Landline DATEBox1282EssexCM61XN min,104,CHA,2246,Games - prizesWith,1215,call 09065394973
spam,1721,help Ashley,2321,files computers,2766,High if,2656,Text to,537,call 09061221066,2643,B LOVE,1909,NOKIA Motorola,163,1 special,2870,bed princess,295,THANKS FOR,1752,Helloooo,86,ONLYFOUND AFEW AGO.CUSOON,2824,CALL U,2821,Xmas 2,11,Kids .,1708,call 09065989182,501,friendship on,2396,SHIT,1497,5.30 was,230,. Yar
spam,1259,? to,909,Â– FUCKINNICE!SELFISH DEVIOUSBITCH.ANYWAY,685,By,2042,order reference X49,930,Celebrations swing,2290,AFEW DAYS,991,CALL,1547,Haiyoh ...,2083,May 2005 .,2621,sister cookies,2746,on March,1932,Wewa 130 .,201,time finish,264,there-- greece,1626,AT WANNA DO,2205,brother role,840,.. Gud Ni8;-,2280,TsandCs Reply HL,2116,TsandCs Reply,1431,NEFT Transaction
spam,2248,Txt CHAT to,1964,valid December,2909,calling,179,- net,706,prize Call 09058094454,485,credits www.ringtoneking.co.uk,666,Free,1284,phone parents,2764,receiptsâ€”well,1825,SiPix Digital call,1301,. Teresa,2704,Txt on,1620,Baby Great Building,2310,rooms cheap:- ),1484,what thinkin,36,- u,1105,"! 3 ,",2499,"FUCKINNICE!SELFISH , DEVIOUSBITCH.ANYWAY",1348,Xmas . 2,2148,to 83021
spam,1201,. wan 2,375,08712466669 at,1631,Amrita college,1204,at 930,2613,month approaches,466,dhina vaazhthukkal,816,win FA,748,smile to,2793,. 2,2064,place near,103,5.30,1470,087187272008 !,793,... daddy,484,txt STOP,1802,VIA,2392,huai juan,607,demand it.i,1678,with 1/2price,1922,one ...,30,vouchers entry 2
spam,122,chances CASH,2106,collection Call,2110,BILL 3 DONT,1572,u. Thanx,85,yahoo email,356,present ar,238,! What,2156,wednesday .,2269,Nvm,478,) Dear Helen,1314,A SHIT,1717,bed to,2880,in 4,2488,08081560665 to,538,Howz r,1725,83021 . Reply,1657,Gud Ni8;-,2898,"FUCKINNICE!SELFISH ,",689,"Rose , season",950,May .
spam,662,phone with,471,SED L8ER,2153,.. Eyes,2946,princess about,2212,mom fun,1435,AFEW AGO.CUSOON HONI,469,da,2271,PSXTRA PORTIONS ME,2644,. Iriver,329,2 stop,311,087187272008 ! 10p,2292,. Text,2035,: flirt,698,! 2003 Account,2126,fast Dat,1002,one Make,430,May . Text,905,rcvd to,953,FRND 62468,1668,apply Reply HL
spam,2949,83021,1545,wiskey Brandy Rum,127,) egg,1312,CASH .,434,bottle of,897,SiPix Digital Camera,7,tkts 21st May,199,cause,284,Men ladies,450,EVE 07123456789 Yahoo,2060,. 2 Mark,2557,Pound 2,2036,planned yo,1167,Motorola SonyEricsson Nokia,815,", imma",1764,INTELLIGENT WOMAN LIKE,2356,BAHAMAS CallFREEFONE 08081560665,2114,. TC,2962,Nothing problem:-,1740,at 10p
spam,2095,13/4/04,1368,thanks lot,2893,Wot about,1128,na,1598,. Netcollex,2460,one as,572,contact u.,2552,. Voila,1915,) Dear Helen Dozens,979,without,1617,placement training Amrita,719,Cheap Chat,1846,GRAN AFEW,2486,banter,2002,Netcollex Ltd. PO,1228,2 ..,784,UR,2170,Aiyah 2 u,2563,Call 08715203652 :,2742,Touch night
spam,1661,ex ...,2317,wrks wot,1319,tmr at,1277,tones2you.co.uk,952,""" GUD",1849,everyone befor,1162,2005 . Text,1400,alex about,2951,noun in,2767,spree WK,425,HUNNY ! JEN,2936,week b'day,927,Suprman Matrix3,345,iâ€˜ll in,1124,Men like,1397,02/06/03 is,432,Lover Chef,1187,Crab,1300,problems provider,1344,. PSXTRA LRG
spam,985,- call 09058094597,23,to 85023 -,2405,"Damn ,",156,texts Free Camcorder,2270,? Celebrations,2304,move if,2939,sch Yar,1530,! Chat UK,1773,ur,302,", lemme",1278,thought as,2096,Reply 4 info,1269,attempt u,2509,Call 09050090044 .,2927,No Neva,1904,s i.ll,2244,08718726978 ! 10p,834,cine lor Dun,1877,"6days , TsandCs",1670,hairdressers appointment four
spam,240,Moment day,1910,THE LIFT,2309,person in,1390,logo ur,1453,Howz,2812,84199 !,308,until December,2328,Dear Gud ni8,2389,crab Crab,291,PROBPOP IN,226,Landline DATEBox1282EssexCM61XN,2620,", TsandCs",1205,DO B LOVE,2619,2 r,1328,win,1638,: UR,2685,4 my,667,at seven .,778,Tyler ( 8th,362,L8ER GOT .
spam,2689,IN CU,581,... Neva,1250,bus way,2733,! Txt,1525,Ãœ home,343,. need,2959,Huh,1062,bonus caller 02/06/03,2572,K.k.how,169,attempt to,1886,BILL 3,309,Tuesday .,167,reach Pl,1446,airport road,213,Promotion 8714714,1783,Ya tel,948,. woulda,1766,) care,1912,Mind,1592,08701237397 must
spam,2076,once,1480,Helen of,2859,Book lesson,2863,NEED CLEAN,729,Dude . What,1950,ericsson oso,1454,2 for,455,GOT . 3,770,Starts monday !,1860,Thanx 4 everything,2626,beneficiary account,1958,.. madurai,2839,Call from,239,"Matrix3 ,",1625,toClaim SAE TC,2031,than,1859,lt;#&gt min,2151,message,322,friend Reply YES-910,1387,to 2
spam,2848,.. Imprtant,1988,. Ãœ,673,DATEBox1282EssexCM61XN min 18,2185,TAROT !,1875,Matrix3,900,Ni8;-,2772,question to,720,2 know,1111,to 87077,215,game to,2810,between 2,1844,UR - call,1038,RT -,1091,last two,352,One,570,. Â£3.00 Sub,2238,.. Gud,1754,NEFT reference,2404,friends with,2054,Matrix3 StarWars3
spam,2875,. warm,1254,. pics,2931,2 Join,970,if,1815,Wine dhina vaazhthukkal,911,STOP Â£1.50 008704050406,1505,are SiPix Digital,2041,HI IM AT,1833,K.,1224,""" Pete",2143,. month,759,regards to,899,stop to,313,FLAG 84199,1298,Rajitha Ranju,1589,minute BT -,881,Aiyah tok,374,. cricket,2272,long 9,1675,Motorola 12mths 1/2price
spam,2716,txt,2779,per BT,1822,""" EY",1777,. X,519,FreeMsg : Fancy,2703,SIX win,214,father John .,1963,ASKED IF,89,From,1469,... Woodland,2808,Thanx,2649,STORE . SkilGme,712,in WALES,1961,... hamster,2785,; times,1303,morning princess Happy,1981,M. points 08715203652,2221,chance ur,1495,Identifier,155,. 09094646899 !
spam,2168,Sat ?,1561,ex one,235,Yahoo ! 4,1943,water dock,2698,Nah,91,CHA BABE,1917,canada abi,1147,2 Mark .,19,exam with,668,trueÂ¡C C,514,Camcorder reply 08000930705,461,ones Gud ),791,Wewa 130 Iriver,552,Loved Gud,1176,be Club,333,rooms activities,688,"FUCKINNICE!SELFISH , IÂ’L",12,one tt,2418,lesson,841,. 2 texts
spam,526,PSXTRA PORTIONS 4,186,Dude sux,1107,. Txt LOVE,293,lie,1919,e sim,2192,! to 86688,1185,. 13/4/04,406,shade stuff,266,RING ME UR,2162,150p .,83,Vodafone customer,176,121 60p,1624,"Night , Wish",269,u. Netcollex,1026,Txt 88039,2393,california weather,2886,. Netcollex Ltd. PO,1372,? With 300,1255,part oredi,2296,! 09066362231
spam,1216,for 50,2259,X49 .,481,Win High Street,371,Friends that,923,"Mobiles 2004 ,",2819,TELLMISS ON,381,Morning,1949,! 4 *,2030,iâ€˜ll,234,For,1944,"from 2004 ,",2417,bit run,2559,airport evening,1462,. Msgs,1939,Imprtant U r,781,K text,1427,130 . 255,955,service Msgs,2171,last Dad,2590,Oyea .
spam,133,Account for,1713,John _ _,2326,. Mark,2542,girls at,1640,. Money,372,tkts 21st,363,Merry to,2489,87066 TnC,2115,on 09065394973,2058,2 come,1923,HEART BLOOD.Send,2367,AT,2625,at www.ringtoneking.co.uk,1996,value Morning,1814,call 08000930705,208,SHIT .,1737,u Pl,211,Reply,1710,reference number,1863,Friendship poem
spam,969,touch to,2871,9,2045,4 FREE,10,Twinks bears,1866,end march,1569,rights of,523,u c,1051,to 86688,212,T Cs,205,4BREKKIE ! JEN,2864,8th to,2647,Man,988,09065394973 Landline,278,hold connections,2594,", X49",2127,cut Hee,2609,ads,1565,sch stuff,1492,happens Vegas,1527,4 * Costa
spam,922,on 02/06/03 !,880,Amrita .,413,shopping to,2739,'s Ãœ,2714,I. .,678,in 4 ...,1834,Every King,2085,Staff placement,656,: 86888,2631,2 weekly,2830,2 in,1442,13/4/04 .,1437,kiss from,2103,High Street if,843,tkts May 2005,1855,. 08712466669,2445,truth Expression,365,Offer DOUBLE Mins,2505,Joy father,885,Dat day Ã¼
spam,1616,DAYS AGO.CUSOON HONI,2664,SERVs SED L8ER,209,Netcollex Ltd. PO 1013,2119,. 09094646899,1142,! to,1893,sch at,2858,. PSXTRA,2750,ten please,509,2 his,1986,FreeMsg,354,Mins 1000 Txt,1765,Costa,249,- for three,486,! NOKIA,1052,love life,578,", rencontre",1729,prestige problem,2012,widelive.com/index wml?id=820554ad0a1705572711&first trueÂ¡C,1276,friend Companion 3,1380,rest week
spam,1633,. Wife,2727,John .,1481,pc mom,1208,Gimme,1998,6hrs,1460,work place,1013,", HEART",1196,Aiyah 2,1606,bridgwater banter,2063,egg for,219,", loverboy",303,numbers on,88,2 -,2622,that,197,u Wot ?,2288,birthday feb,292,barcelona By,2522,billed Netcollex Ltd.,1712,As Vodafone,2188,Netcollex 08700621170150p
spam,901,4 den,52,morning Happy,653,prize To,2,Txt LOVE NAME1,583,. Call 09058094454,1501,money HAUGHAIGHGTUJHYGUJ,370,FreeMsg : flirt,1247,things at,436,thread cause,1768,NOKIA,865,DOUBLE Mins DOUBLE,2281,4BREKKIE ! LOVE,820,4.50,1025,Thanks for,2020,SiPix Digital,1369,raglan rd,2000,ten in,1311,. 255 .,1789,Hope day,417,who to
spam,2193,? Darren,305,time week,1289,what charles,368,Call on,1694,CU 4BREKKIE,1555,88039 . SkilGme,2731,"07xxxxxxxxx Â£2,000",2569,Merry Christmas,1136,- 09058094597,2039,Wine dhina,993,free 0800,2934,to 84199 !,1775,URGENT ! 4,1347,to 89545,594,", INTELLIGENT WOMAN",2582,Txt CHAT,722,"44 ,",2671,Double 1000,2597,2 !,1178,reply 08000930705
spam,679,", IÂ’L",2472,Moment,2226,EY,369,ME UR NETHING,1806,to Ten,2303,number,2666,. scratches,2925,min Polo Ltd,1313,3030 Valid,2267,Brandy Rum Gin,1714,Neva mind,408,One small,2354,overa since,575,EY CALM DOWNON,2837,Happy New,2383,U've to,1399,TxtNO 4 ads,142,Free Games,1976,R ur,595,... 630
spam,2255,ADAM to,121,sister in,165,Motorola 12mths,2571,4 ?,659,flirt Reply,69,Txt NOKIA,1809,DEVIOUSBITCH.ANYWAY CALL U,1395,8714714 - UR,1409,13/4/04 . 08717507382,2343,4 !,2481,won Â£750,1829,TxtNO ads 150p,1911,Lul gettin,323,friday morning,925,touch over,715,obese Oyea,468,. trueÂ¡C,265,. wot,731,on 08000839402,310,IF 0870
spam,2852,YES-910 .,2829,087187272008 NOW1 10p,737,80488 . 500,2546,"1/2price ,",2514,chip fat,136,insurance for,1424,", IÂ’L CALL",683,- DOUBLE Mins,22,? Fifty,1044,el,2182,Umma .,1412,LOVE JEN .,942,smiles frm,1502,"Randy ,",2629,tap spile,643,X49,2611,WIN,2553,text FLAG,1868,office lap,2071,files between
spam,2253,Celebrations in,1043,few 2,218,", NOW1",2025,4thNOV.BEHIND FUCKINNICE!SELFISH,1440,U LIKE,2223,type of,1130,yo,932,darlin on,435,930,2374,home to,1123,! Happy New Year,2963,lunch today,1857,Promotion Number 8714714,2056,Its california,1061,18 150p,261,heart Txt,2699,ni8,367,creative Neva,1353,u. 4,1499,for three
spam,31,2 ! CallFREEFONE,2718,Fifty,1295,. within 28,566,. Delivery,2490,colour phone DeliveredTomorrow,2342,vouchers entry,2633,address sir,2265,2 ...,513,: 8714714 UR,353,FOR LIFT,2196,"GOD ,",358,! Wanna,1304,- KIng Pro,2429,2 ! 08081560665,9,? Randy,1515,T&C at 18,2771,married Ãœ,754,? 100,160,W1J call,1452,for Zogtorius
spam,2320,Hmm,38,our ex,16,; number,845,Kit Strip have,1736,10p . 2,1716,u jus,94,2,2916,0870 INCLU,2881,HI DARLIN,971,If,1003,hold of,518,8714714 UR,304,reward of,630,text to,1056,T&C at,2341,930 ?,1680,u 2,2579,- who,2140,edward Behind,1882,", PROBPOP CU"
spam,658,Free 2,1129,magazine telephone,1688,. 08715203652,1992,. 150p,1590,80488 Your,2635,SiPix,2363,road side,102,500 FREE,1937,on Earth,445,.. Crab,2857,Gud Ni8;- ),2544,31 December .,2313,lyricalladie(21/F ),2498,. home,1523,... Dun,254,landline within,2743,CLEAN WITH,2013,rs in,2777,Â£750 prize,1392,", today"
spam,1139,HI IM,2407,c lor,2636,chiong sat,839,at seven,1343,Driver . Aaniye,1337,3 TAROT !,2207,T,271,in Vegas,2433,Dat,2849,fact,2044,Offer Motorola,2780,Ã¼ fr,1245,luv Night,1126,way rencontre,1581,care Ã¼,2661,wnt wid,1646,. PSXTRA 4,1888,Per,2201,4 . lunch,972,. Haiz
spam,442,r TODAY,1065,1000 Txt .,1848,Waaaat ?,2679,09061209465 ! C,992,T 08717898035 .,896,.. mail,1479,. C,2541,fancies Wanna,796,SiPix Digital Camera 09061221066,2368,ALETTER 4thNOV.BEHIND,2298,u wan 2,1450,DeliveredTomorrow With 300,1586,"AGO.CUSOON """,1069,Identifier : Expires,1166,. Lets,2084,call 08712460324(nat rate,2669,Cheers message,564,Xmas . claim,1445,test to,181,to 07786200117
spam,0,Love law,1872,Umma,598,Near,1410,from,335,dwn GUD,150,WON As,2366,Nokia 3510i DeliveredTomorrow,989,! 1 year,489,... 630 oredi,1666,2 .,2302,. Call 09050090044,959,K.k:)apo .,2473,ENG Box39822 W111WX,727,are Gud,1808,S. points,1317,call like,1351,prize GUARANTEED 09058094454,524,on monday,2136,everything to,1744,collection Call 09050090044
spam,2941,Den chiong,420,4 *,1212,CSH11 to,2138,offers T,459,wrong one,1489,bâ€˜ham,966,... to,1601,Okey iâ€˜ll,2523,letter on,1748,DeliveredTomorrow ?,2214,", coach",344,... man,145,pleasure of,2257,problems,280,NOKIA with,403,Ã¼ leh,3,R Dear .,647,87066 TnC .,2252,your Valentine,2493,california .
spam,2828,. Omg,1112,ones Gud Ni8;-,37,two Dad,1940,TheDailyDraw Dear,1477,baby thought,1741,is John John,619,2 u.,1050,R*reveal who,2046,account,1336,LONG SHOWR,1000,2morrow Take,2024,UAWAKE?FEELLIKW VIA,2543,Fancy chat,1150,yo ass,2137,number to,57,008704050406,2624,monday !,1068,Den on,913,money issue,2118,Ltd. 1013
spam,283,Mobiles,2495,kappa guys,2554,? tok 2,775,MESSAGE,2387,in 2,682,07123456789 Yahoo,967,Call MobileUpd8,2408,face kisses,400,4 ! MobileUpd8,762,site for,1032,c msg,1198,bottle to,2375,in,1338,thru Voila,806,bonus,2068,time reply,870,", parents",2538,SATTHEN !,2266,630 ...,1116,alex pizza
spam,451,of Joy,2001,fifteen,1587,at four,1413,deal:- care,1574,"Suprman Matrix3 ,",129,a Man,2722,SATTHEN ! LOVE,2726,Wasted Den,1769,. Ã¼,2350,. Gud,421,call 09058094597,1876,"Mobiles ,",510,million,990,company In,1934,a High,2833,Dad,2435,fear of,1799,Babe,787,THATMUM 4thNOV.BEHIND Â–,2111,U AGES ..
spam,2690,T .,1073,08081560665 speak,2206,Haiyoh,582,gettin gossip,1534,March on,2202,Yo guys,463,. 28,2760,Landline DATEBox1282EssexCM61XN 150p 18,580,alcohol Jay,1448,contact U,2152,ni8 dreams,2220,Neva ...,1273,intro to,2423,Voila,131,you've money,1081,touch thanks,761,age to,178,sim archive Haiz,534,New,625,EY ! CALM
spam,1246,Baby Great,1913,. Delivery 28,1408,Motorola with 1/2price,2680,Call Identifier :,1084,pound :),2228,chiong on,875,thinks UR,605,1000,2796,Gud night,1282,rencontre to,593,Reply YES-910,1600,John John,936,call 09061221066 .,2702,persons story,599,like,888,Wat,474,", textin",2595,. widelive.com/index,744,abt mei,1906,want New Nokia
spam,2862,tap at,1189,Howz persons story,2803,. 2 meals,1422,friend Reply,2478,Wewa,312,pints carlin,2899,Joy,1894,finish meeting,1077,UR 2,920,Free Camcorder call,764,WITH,1456,300 free,1605,Text 85555,1471,With,1169,2 3,419,Cheer Tear,1660,exam march,1621,Neva,2240,08000839402 ! 2stoptxt,1826,PA
spam,507,LOVE 07123456789,210,What up,745,GUARANTEED Call,622,Nickey,2158,UR City,1696,line Call,2935,. MobileUpd8,2570,Tuesday,132,800 - S.,2761,T 08717898035,983,lyricalladie(21/F,726,URGENT,2878,ass epsilon,2344,from 2004,718,: No,2513,Map .. Imprtant,2043,havn't for,694,Darren,654,credit,565,Update_Now - Offer
spam,1936,net mins&100txt,2817,Call at,1475,Txt : NOKIA,1742,1 many,1332,A BEAUTIFUL,907,. SkilGme,2376,THATÂ’SCOOL PROBPOP,849,Great Building Was,2913,brings Night,1218,Earth,2525,087187272008 NOW1 !,1784,u 2morrow ..,550,new Duchess,2211,- to,1211,: www,1508,. 2 claim,1023,messages until,140,.... Gud,139,credits,864,advice
spam,2194,lor time,207,u in,174,Haf u,2426,weâ€˜re bâ€˜ham,1651,lt;#&gt times,426,. Tis IAS,661,. 09058094454,2037,fifteen fucking,1046,Chat,910,SATTHEN 4BREKKIE LOVE,1546,one .,1610,prize claim,2834,contact attempt,1541,: Expires 29/10/0,1824,. Coffee,1294,video with,1514,reply,809,", doesn\'t",2329,? thanks,2432,630
spam,705,? year,2773,lecturer weeks,2847,claim,161,1 finish,2335,FREE Bluetooth,602,part of,418,ENG .,1071,pain to,1293,to TnC,1591,jocks calling,1956,2 Â£100,704,. photos,2596,Kit,1669,Voila ! Money,441,BAHAMAS !,837,i.ll,1699,DOUBLE Mins,803,08715203652 : 42810,2409,R*reveal UR,1796,"after 9 ,"
spam,2786,", SonyEricsson Nokia FREE",1554,S. I. M.,592,EY !,646,eyes in,1532,Good Morning,1573,lt;#&gt for,440,sux for,2734,HMM if,34,love love,2050,KIng Club,2550,na Google,2799,time r,1378,you:- while,1583,on 08000839402 !,2415,"Damn , zac",376,! DOWNON,74,to 85555 !,190,Damn zac,2533,December 2005 .,2334,08712466669 10p
spam,1656,: Rajitha Raj,535,"4thNOV.BEHIND FUCKINNICE!SELFISH ,",2254,"IÂ’L """,39,London,1391,times per,200,2 spell,2475,times job,1762,two,687,- Text,2531,slots weekends,2394,landline Delivery 28,2646,sister law,521,? What,2444,DOUBLE on,1971,Call 08001950382,2759,love Mind,869,Detroit,1461,call 08718726978,2398,class pm,76,prize Call
spam,1672,Polo Ltd Suite,198,WON !,1186,Neva test quality,1236,with 3,635,DAYS AGO.CUSOON,2921,8714714 awarded,1305,hills shit,1686,Pete,1677,friend in,1612,K if,2283,Whatsup .,2297,u Txt,402,! 4 Costa,2391,4 driving,1482,driving test,1017,money than,2100,! year,1902,did Kids,1360,Digital ! 09061221066,976,content text
spam,2067,Thanx everything dat,1749,in Amrita,2087,New Mobiles,285,JEN .,2492,site to,1404,TONE FLAG 84199,2090,X49 mobile,2449,africa hope,1248,OptOut STOP Help08714742804,1639,bed girl,2923,movies laptop,483,. Txt,2384,. P,1100,Bristol road,1580,want New,1905,NOKIA No,2770,3510i DeliveredTomorrow,1614,at,2769,Soup !,939,Dear Helen of
spam,1927,2 . gravy,749,FreeMsg :,2386,aid Usmle,1947,dinner tonight,1871,weed week,340,islands towards,1550,Ya,2434,! 08081560665,2349,nothing to,1544,to 88039 .,999,. 16 .,884,message Zogtorius .,1665,e msg,1942,) two .,361,Wewa 130,1426,. what,1758,to 87121,1225,WANNA ? XX,2268,New Nokia,2755,! Happy
spam,1384,IN,415,lie ni8,1326,CASH From,2924,. self,2395,question,2456,) to,24,Vegas,2736,for 50 ...,2299,May 2005,2021,Rajitha Raj Ranju,2910,my London,528,! Fancy,1982,TnC,1134,Nickey Platt of,1280,r to,2453,role like,2889,TAROT TEXTS,874,Tuesday night 4,739,B'day Boss,2128,Crazy
spam,2120,44 Do,2861,_ _,1433,Staff of,1792,Ã¼ da,13,! to 85555,2427,0800 find,2066,Congrats year,2747,... ur 4,2783,. 3 Lover,1257,job Starts,852,wan for,1354,can Bam,1382,discount,1230,"TC , POBox334",1702,get MATCHED,2806,"Â– FUCKINNICE!SELFISH ,",300,'s Holby,2327,3030 .,1667,of el,2697,Your Account
spam,1296,Dude What,1664,K -):-,2419,SATTHEN HUNNY LOVE,62,Pest exterminator lt;#&gt,1364,thk,2836,MUSIC TnC,1780,Luv from,786,california,159,? xxx,1352,Aiyah tok u,1087,December .,1879,Chat UK,854,package since,66,84199,2132,day Ã¼ da,173,call 08712460324(nat ),2069,so,797,... BSLVYL,640,Reply 4,1931,wml?id=820554ad0a1705572711&first trueÂ¡C
spam,2781,", season",2801,father John,2316,1/2price,2172,upto 1/2price,2165,08712466669,342,Day with,2668,Dear .,1057,files in,562,whether 2 ...,1511,. to 87121,336,Reply YES-910 NO-910,2869,to 83021 .,1180,", boat",822,to 62468,1144,61610 .,1436,. IÂ’ve,1566,chances to,2104,comp FA,2072,GOTMARRIED 4thNOV.BEHIND FUCKINNICE!SELFISH,2691,44 7732584351
spam,1421,trueÂ¡C C RingtoneÂ,1271,Hurry Soup,1618,Â£750 prize 2,1175,ard 20,1687,cut road,61,logo lover,1466,call 09061743386,1008,shade to,2907,Guild .,364,' to,2164,"POBox334 , Stockport",328,everything with,1416,contact with,2607,: Fancy,1835,31 December,1733,High prize,90,Each Moment,1643,Detroit home,1908,Ashley,1241,as
spam,817,_ of,1104,a City,1772,Crazy ar,2856,; da,2263,GRAN AFEW DAYS,401,2 chat,2011,. 13/4/04 .,1451,THEACUSATIONS U,1251,buses on,1414,EY DOWNON,1690,Ltd. 1013 IG11,2639,. Two,60,tho,158,ON,98,NOKIA Motorola with,2510,for yo,63,at 10p .,1267,Wot ?,2896,fr,2183,2004
spam,1135,K.k:)apo k.good,2461,9 can,2648,* Costa Del Sol,1067,IM TELLMISS,189,2 crowd,1149,'s Thanx,2016,Two,2191,", ryan",1307,everybody up,157,Hard 121,2217,in bâ€˜ham,2209,4.50 Should,1496,. pieces,1291,3230 's,334,. Call 08715203652,2287,fun,2885,Mobile,860,Haha ...,2382,call for,327,.. ONE
spam,1193,? tok,2617,. sister,326,Ma,2518,cine Dun,482,tmr meet,1722,On,2606,DONÂ’T ME,1928,... Weiyi,2079,2go.did,1490,Call 08000839402,1299,2morrow ! care,2638,imma drink,1903,3hrs www.gamb.tv,2618,redeemed S.,2476,wnt to,1731,games from,1030,John John is,146,to 85555,2218,MOBNO eg LOVE 07123456789,532,Txt 86688
spam,805,LOVE NAME1,645,! T&Cs,963,4thNOV.BEHIND OURBACKS,2794,Got Dat,495,FREE MobileUpd8,1759,86888 claim,1042,placement Amrita,2088,? To,348,""" dhina",765,. weâ€˜re,1329,16 Club credits,1533,Ãœ da talks,2307,Musta on,2381,reward 3,1924,December,1493,been XCHAT,773,LOVE MUM,1078,footprints,246,TCs POBox334 Stockport,1415,150p Polo
spam,2517,Amrita,1880,. T&C 18,977,wit kz,711,. at 10p,858,concentration dear,231,TAROT,2105,ten,895,. Reply YES-910 NO-910,1339,Update_Now -,2527,GIV SHIT BAILIFF,1041,Text to 85555,1805,call if,1031,UR City Break,982,. INDIA,492,. Call 08000839402,1033,road at,2224,0800 0721072,1029,", hour",2109,toughest Earth,931,while
spam,2448,FLAG to 84199,1941,.. Imprtant U,601,"2004 ,",545,447801259231 have,2628,to 4u,728,150p 18,876,computer Aiyah,1536,", text",2438,Man - week,2450,? day,262,sense foot,460,? 300,1258,CU 4BREKKIE !,2603,.. Ã¼,1181,story Man,416,girl world,1256,LATE LOVE,902,planning everyone,1745,Update_Now - Xmas,2710,130
spam,1642,! 09061221066 landline,299,way London,1059,without Mind,757,... Den,1108,1000 on,1103,.. Ni8;-,244,Princess,2901,Woodland,390,customer computer,428,probs hon,825,NEFT,964,tkts 21st 2005,2285,Aiyah,1874,on Orange,1060,fav Hope,747,food place,2038,times night,2082,2waxsto,1781,to 87575 .,2920,bit of
spam,2930,work call,539,Account Statement for,2701,admirer who,1663,3 FREE,1377,TnC www Ldew.com1win150ppmx3age16subscription,987,two of,2446,MUSIC to,1795,question(std rate)T&C apply,116,. claim,2955,prize,1608,. 150p day,851,. To,473,best 4,1652,at Guild,1838,EY ! DOWNON,2545,Call 09058094454,603,tkts May .,2753,09061221066,1673,87077 ! TxtNO,476,TCs POBox334
spam,1567,K :,391,! Text,255,call 09066362231,1102,"aid Usmle ,",346,.. Pl,2454,Neva test,608,Ni8;- ),1231,afternoon love,126,into,2712,Great Building,2818,! text,2802,ads 150p,1926,Text If,410,Tuesday . 2,2234,argument from,540,IF INCLU,2470,PORTIONS ME,569,lot of,2652,reference X49 .,2672,Taka lor
spam,1659,1 friend,2879,Rose water season,2895,. Two nurses,2406,", 16 TsandCs",2917,* face,2243,prize to,1357,call 087187272008 !,1098,Luv to,2584,Ambrith ..,577,Â£100,105,one of,404,- Xmas,1401,man of,78,", 500 -",279,Offer DOUBLE,782,letter B,856,"Dear ,",1386,shit because,2709,; mins,20,2 . 2
spam,1120,u ? time,2463,MobileUpd8 on 08000839402,260,Crying Baby,1074,/,1264,dokey iâ€˜ll,1935,tons if,690,Costa Del Sol,1520,Tuesday night,2198,. to 61610,924,... care,1131,With Cheer,2134,care of,1582,", B'day",2315,SERVs . L8ER,610,Netcollex Ltd,1261,Haf ?,2256,", U Wil Reach",172,PROBPOP CU,505,", Night",341,DEVIOUSBITCH.ANYWAY CALL
spam,1361,between,751,v,2752,", DEVIOUSBITCH.ANYWAY IÂ’L",2431,prize GUARANTEED .,1507,MMM Fuck Merry,2318,SHIT.JUSTFOUND ALETTER,2264,call 09061221066 landline,699,thing Earth,2467,130 .,2273,500 - net,1535,with,373,week in,1172,20 ok,1379,to,2580,", mom",2274,ringtone flag,444,Taka lor time,1143,thing princess,2536,3,1122,world princess
spam,1760,sim Haiz ...,2551,time flight,253,big hundred.he,1376,sense in,449,of,2537,4 Call,2351,. 128 mb,452,- Morning,879,call after,857,4 After,2401,tiz Kanagu,1968,! Account Statement,1540,. Txt LOVE NAME1,1997,bus on,29,weed for,2017,"TCs POBox334 ,",1528,", 500",457,home work,2588,2 . 3,2377,deficient three
spam,2873,. INDIA CUST,1778,City Break could,2051,comp to,187,Text to 87121,1119,afternoon sexy,2840,Â£750 Pound,2956,Valentine,2484,.... to,2124,her Reply,2887,Whatsup,1930,87066 . Ldew.com1win150ppmx3age16subscription,1478,'m Google,2566,Taka .,1447,da ?,1290,CHATLINES IN,1771,. weather,1161,", havn't",2146,birthday on,2876,AT AMY,613,cine lor
spam,918,win FA Cup,1039,wedding chapel,2097,4u,27,4 . Chef,574,T&C,2348,for 800,1350,Wewa .,1889,! day,2357,MMM Fuck,1179,call 09061209465 C,1526,121,490,someone punto,2402,maga that,1901,NEFT with,1785,Chachi calling,548,until,1954,Omg,1049,3MOBILE 0870,1615,2 with,502,what Vegas
spam,1703,"20,000 txt",2189,BEAUTIFUL INTELLIGENT,957,Holby ?,111,what problem,1830,BAHAMAS ! CallFREEFONE,2593,Imprtant r TODAY,941,gastroenteritis If,2464,mc ?,2295,Haiyoh ... hamster,2015,yuou on,2468,. girl,2958,2morrow,848,09094646899 Cheap,1531,- week,2892,447801259231 secret,503,tok u,81,2 BAHAMAS CallFREEFONE,2010,Y dat one,893,Yesterday with,431,Text FA to
spam,241,2004 MUST,2107,Thanks ringtone,671,till,2501,POBox36504W45WQ TxtNO,1787,. gravy,1920,chat flirt,49,Chef .,1761,New Nokia colour,2380,thanx for,995,Huh science,242,babe that,2086,""" HI BABE",641,FreeMsg Fancy flirt,2634,"URE ,",2359,Txt .,736,bout,2650,Landline DATEBox1282EssexCM61XN 150p,2177,. U,1005,Babe ! What,543,13/4/04 08717507382
spam,301,Google,331,Offer,769,VIA ALETTER,2872,Ma head,2676,- hols,628,Haiz,2614,hundred.he batsman:-,1840,impression,1999,Congrats kano,2311,! bx420-ip4 5we,2397,- to 85023,152,Reply info,2804,09058094454,2686,1,2400,day Ã¼,106,. ans,2496,Dude while,691,! Txt CHAT,75,redeemable www.ringtoneking.co.uk,2112,Thanx everything
spam,411,class at,1020,to 61610 .,2049,. wahala,429,08700621170150p reply,1154,Wanna,245,Latest Motorola,542,Xmas prize,1095,. wan,1529,seven Is,1097,. texts,1173,home snow,898,who R*reveal,709,week end,637,Sac,64,UP4 NETHING J,2466,", IÂ’L """,1146,Win High,1553,lt;#&gt inches,1171,! Happy New,536,Kit -
spam,2906,447801259231,1019,.. finishd,2195,'m Randy,2314,Your Costa,1885,TsandCs Reply HL 4,1398,4,2369,2003 Account,2932,", kiss",1080,. Goto,1506,Pound . claim,2474,U.,48,. 3,1969,comp FA Cup,125,Armand,1438,WON Xmas,2040,? Cos,2578,Netcollex Ltd per,2890,member T,2004,. Identifier,676,year pass
spam,2336,! Somebody,2608,2morrow ..,1812,FREE TAROT,1695,the Guild,649,B'tooth*. Call,801,09061221066 fromm,1015,reward,1878,20 ...,750,08717898035 Â£3.00 .,2511,because,1183,Mins 1000,1552,do Ta,1873,jus use,1510,phone DeliveredTomorrow 300,795,. 09050090044,2616,HI UAWAKE?FEELLIKW,2187,chance claim,741,SiPix ! call,1487,FREE,2756,to 80488
spam,1707,Identifier 42810,2655,science Y,2053,wednesday,1076,had Nickey,1727,IM TELLMISS IM,576,Xmas 2 claim,675,after 9,2926,. HAUGHAIGHGTUJHYGUJ,1160,RT KIng Pro,263,. trueÂ¡C C,1914,hmmross STOP,233,Provided tones2you.co.uk,2902,Txt 88039 .,591,... Fuck Merry Christmas,1334,. Txt STORE,2657,home by,2912,bx420-ip4 - 5we,1869,", things",862,calling of,2891,around
spam,1655,. rcvd,2008,that 2waxsto,1439,slices of,324,two 'll,2512,SED L8ER GOT,1543,in 20,2213,Dear Helen,2729,! number,567,. at 18,1607,! Motorola SonyEricsson,2465,Text CHANCE to,1577,Lul,1168,SEE U TOMORROW,634,Ambrith,107,84199 Opt,684,u about,1985,training Amrita .,2945,=,1106,TELLMISS IM,2744,. PORTIONS
spam,2491,sittin waitin,1125,Cos at,1933,XCHAT .,2665,""" GUD MRNG",2713,rs shelf,2443,end march el,1070,sitter for,937,call 2optout D3WV,2684,surfing lor,1405,LOOK AMY,2807,.. whr,2055,Txt LOVE,1373,FA tkts,2825,Â£100 High,4,cabin PA,743,373 6HL,1993,SAE TCs POBox334,166,From 100,228,yours 09061209465,829,Chachi
spam,1560,Wanna who,926,! Thanks,2792,2003,1570,to 88039,2487,Claim,1491,. PORTIONS 4,409,- names,629,Den chiong sat,1037,Â£2000 GUARANTEED,713,apply Reply,2261,", to",891,Promotion Number,866,cinema pass 2,1323,2optout 087187262701.50gbp,2549,100 free,1220,morning princess,109,XCHAT,1738,NEFT reference number,1113,. bday,188,had Nickey Platt
spam,2251,. saibaba,100,four,44,waitin to,887,Orange Call,2754,call am,355,? Aiyah,1658,. side,529,v wet,1132,Tyler,756,John . John,95,face watches,1870,thinkin malaria,1925,NEFT Transaction with,1237,Haiz ...,1862,by,1867,da:)i of,1018,CHATLINES INCLU MINS,1693,lunch la,1007,.. 2morrow,393,cal once
spam,974,Ãœ gd guys,290,black 2,1253,test results,68,Zogtorius IÂ’ve,2312,.. waves,2081,. text 61610,1140,Dear,2411,Rajitha ( Ranju,236,mail panren,846,bday nite,1542,smeone to,908,XXX pics,171,g about,2500,150p . Netcollex,1342,4.50 your,1715,WK Txt STORE 88039,1990,minute BT,2204,Moment in,1083,. Text FA,392,u Wot
spam,1281,16 Remove,383,800 redeemed,193,landline Delivery,1099,2 OptOut,701,Ãœ until,1109,kiss to,2250,been Valentine,170,FOR Text,1841,* Costa,2787,? Aiyah 2,1418,"Free , Msgs",2399,need receiptsâ€”well,1055,dat into,2027,messages,2494,HI BABE SHIT.JUSTFOUND,1090,water season,1210,- UR City,2385,DOUBLE,1813,Gud ),2452,Update_Now Xmas Offer
spam,50,Â£200 spree,697,jealous million,1464,. Morning,2908,Thk of,1141,hole if,2121,Fancy flirt Reply,1406,! Mins 1000,350,hear Netcollex Ltd,558,ass to,2724,6hrs .,1217,08700621170150p msg,2814,Txt to,296,http//tms widelive.com/index,1517,Map ..,943,K. call,2627,. 13/4/04 Call,2841,"SAE TC ,",151,Win,1159,ones Gud,2379,your 3
spam,1839,? somebody,2425,ten my,1995,to 86888,994,housing agency,1853,UR 2 BAHAMAS,2216,Fear Cheer No,1682,09058094454 from,1706,call friend,2352,cruise CASH .,493,Don da:)whats,2681,4 real,863,TnC . Ldew.com1win150ppmx3age16subscription,2098,. 09061743386,2337,trueÂ¡C RingtoneÂ ¡,1842,", 6days ,",206,R*reveal,229,IF,1854,. night,339,"Scotch """,2485,! 3
spam,912,- ENG STOP,2442,one 's,2860,.. today,579,within,938,. banks,554,Touch .,746,Haha,760,. call 09061209465,2007,K.k:)apo k.good movie,1843,2003 for,894,... Dat,1584,mayb lor,232,07123456789 87077,1473,DeliveredTomorrow With,96,""" HI",180,points Call,2678,. Who,1235,called,2696,CASH To,808,Ãœ gd
spam,2645,tickets cos,980,Kit Strip,2574,5 per,182,night r 4,1627,off,563,WK Txt to,2155,Helloooo ...,2675,I. points Call,1921,3 FOR,2882,. 2morrow !,2200,Detroit . home,1238,Zogtorius .,945,for 2 .,878,who at,2469,Pound 2 claim,828,games TheDailyDraw,2758,", zac",790,guy out,2225,"Urgh ,",1890,2 BAHAMAS !
spam,135,Erm Woodland,2413,ten ....,123,Congratulations to,680,story of,1850,song bro,2757,85023 - member,956,Dun,2458,", sup",2598,50 ...,1739,Tis IAS question,1629,call 09066362231 !,1588,. John,527,.. Ya,2167,HI BABE,2019,"100 20,000",906,afternoon sup,2089,GUD nyt,818,Dat day,1244,trueÂ¡C,1419,HI BABE HOME
spam,559,", telephone",494,INCLU MINS,596,", INTELLIGENT",2135,MINS INDIA CUST,933,alive Gud,732,words on,557,That i.ll,250,Update_Now Offer,43,cheese pizza 2,2477,bx420-ip4 .,1316,need to,664,10p .,2694,on 09058094597,2319,T . Â£3.00,1308,Yahoo ! TxtNO,389,HAUGHAIGHGTUJHYGUJ,1984,Ten,814,of Man,2014,walls bunkers,297,FOR
